,Poem,Romaji,My translation,俳人,Poet,Dates,School,Season,Kigo,Original source ,Modern Source,Other translation,Notes
0,北野どの御すきものや梅の花,kitano-dono		|onsuki no mono ya	|ume no hana 	,What the Lord of Kitano|most enjoys|are plum blossoms.,詠み人知らず,Anonymous,1400,1. Muromachi,Spring,Plum,Hobbyhorse Collection of Mad Poems,,,
1,かめにさす柳のさけやつくりばな,kame ni sasu|yanagi no sake ya|tsukuribana,,詠み人知らず,Anonymous,1400,1. Muromachi,,,,,,
2,春雨にあらいてけづれ柳がみ,harusame ni |araite kezure|yanagi gami,"Spring rain|washing, combing|the willow hair.",,Anonymous,1633,2. Teimon,,,Puppy Collection,,,
3,気力なしと誰かは見ましこぶ柳　,kiryoku nashi to|dare kawa mimashi|kobu yanagi,No power—|who would see that in|a swelling willow?,,Anonymous,1633,2. Teimon,,,Puppy Collection,,,
4,世にふるも更に時雨の宿りかな,yo ni furu mo|sara ni shigure no|yadori kana,,宗祇,Sōgi,1448-1532,1. Muromachi,,,,,,
5,雪ながら山本かすむ夕べかな,yuki nagara|yama moto kasumu |yube kana,,宗祇,Sōgi,1448-1532,1. Muromachi,,,,,,
6,菫咲く野はいくすじの春の水,sumire saku|no wa ikusuji no|haru no mizu,,宗長 ,Sōgi,1448-1532,1. Muromachi,,,,,,
7,にがにがしいつ迄嵐ふきのたう,niganigashi|itsu made arashi fuki no tō  |fuki no tō  ,till when will|the bitter winds blow |butterbur pot,山崎宗鑑,Yamazaki Sōkan ,1464 –1552,1. Muromachi,,ふきのたう (butterbur),Utatushū (卯辰集),NKBZ　近世発句俳文集,,
8,手をついて歌申しあぐる蛙かな,te wo tsuite |uta mōshi aguru |kawazu kana,with hands supplicated|reciting a song|a frog:,山崎宗鑑,Yamazaki Sōkan ,1464 –1552,1. Muromachi,,,Arano (曠野),NKBZ　近世発句俳文集,,"his poem is also included in 『歴代滑稽伝』『温故集』『俳諧古選』『俳家奇人談』, but we can not be should that it is in fact Sokan’s poem.  However, it is considered to be on of his masterpieces.  Arano was published in 1689, the year that Bashō left on his journey to the deep north.  This collection was published with the idea of opposing Teimon haikai which had wildly broken all of the traditions of haikai, so this poem by the founder of haikai fit perfectly with the ideal of the editors."
9,すゞしさや水に柳のかげ法師,suzushisa ya |mizu ni yanagi no|kage-bōshi,"how cool-|on the water, the willows’|silhouettes",山崎宗鑑,Yamazaki Sōkan ,1464 –1552,1. Muromachi,,,,NKBZ　近世発句俳文集,"Willow is a spring season word, but in this case coolness, a summer word, is the main season word, so this is considered to be a summer poem.",
10,うづきゝてねぶとに鳴けや郭公,uzuki kite |nebuto ni nake ya |Hototogisu,the deutzia moon has come|sing in a loud voice |hototogisu,山崎宗鑑,Yamazaki Sōkan ,1464 –1552,1. Muromachi,,,,NKBZ　近世発句俳文集,acheing|carbuncle cry|hototogisu,
11,きえにけりこれぞまことの雪ぼとけ,,,山崎宗鑑,Yamazaki Sōkan ,1464 –1552,1. Muromachi,,,,,,
12,月にえをさしたらばよき団哉,tsuki ni |e wo sasitaraba yoki|utiwa kana,if this moon|had a handle |a fine fan!,山崎宗鑑,Yamazaki Sōkan ,1464 –1552,1. Muromachi,,,,NKBZ　近世発句俳文集,,
13,風寒し破れ障子の神無月,kaze samushi |yabure shōji no |kaminazuki,cold wind|ripped shoji screen|godless month,山崎宗鑑,Yamazaki Sōkan ,1464 –1552,1. Muromachi,,,,,,
14,満丸に出でてもながき春日かな,manmaru ni |idetemo nagaki|haru-bi kana,thou rising roundly|the sun elongates |on long spring days:,山崎宗鑑,Yamazaki Sōkan ,1464 –1552,1. Muromachi,,,,,,
15,さむくともひになあたりそ雪仏,samuku tomo|hi ni na atari so|yuki hotoke,even if you’re cold|don’t warm yourself by the fire|snowman,山崎宗鑑,Yamazaki Sōkan ,1464 –1552,1. Muromachi,,,,NKBZ　近世発句俳文集,,
16,飛梅やかろがろしくも神の春,tobi ume ya  |karogaroshiku mo  |kami no haru ,"Flying plum—|lightly, lightly,|the god’s spring.",荒木田 守武,Arakida Moritake,1473 –1549 ,1. Muromachi,,,,NKBZ　近世発句俳文集,flying plum and spring (spring),
17,元朝や神代のことも思はるゝ,ganchō ya|kamiyo no koto mo|Omowaruru,New year's morning—|the age of the gods|are in my thoughts,荒木田 守武,Arakida Moritake,1473 –1549 ,1. Muromachi,,,,NKBZ　近世発句俳文集,cold plum (winter),
18,青柳まゆかくきしのひたひかな,aoyanagi|mayukakukishi no|hitai kana,emerald willow|the bank is the forehead|on which eyebrows are drawn ,荒木田 守武,Arakida Moritake,1473 –1549 ,1. Muromachi,,,,NKBZ　近世発句俳文集,,
19,落花枝にかへると見れば胡蝶哉,rakuka eda ni|kaeru to mireba|kochō kana,falling blossoms |appear to return to the boughs|butterflies  ,荒木田 守武,Arakida Moritake,1473 –1549 ,1. Muromachi,,,,NKBZ　近世発句俳文集,,
20,夏の夜は明くれどあかぬまぶた哉,natsu no yo ha|akuredo akanu|mabuta kana,summer nights|dawn but eyelids|can't open,荒木田 守武,Arakida Moritake,1473 –1549 ,1. Muromachi,,,,NKBZ　近世発句俳文集,,
21,とび梅やかろがろしくも神の春,tobu ume ya |karogaroshiku mo |kami no haru,"flying plum-|lightly, lightly|kami gods’ spring",荒木田 守武,Arakida Moritake,1473 –1549 ,1. Muromachi,,,,,,
22,かささぎや今日久かたの雨の川,kasasagi ya|kyō hisakata no|ama no kawa,,荒木田 守武,Arakida Moritake,1473 –1549 ,Muromachi,,,,俳句の歴史,,
23,花よりも鼻ありけるにほひかな,,,荒木田 守武,Arakida Moritake,1473 –1549 ,Muromachi,,,,俳句の歴史,,
24,春立つやにほんめでたき門の松,haru tatsu ya|nihon medetaki|kado no matsu,twin pines stand auspiciously|as Japan celebrates|the dawning of spring ,斎藤 徳元,Tokugen Saito,1559-1647,2. Teimon,,,,ＮKBZ 近世俳句俳文集,,
25,足もとのよきをぞとらんよめが萩,ashi moto no|yoki wo zo toran|yome ha hagi,underfoot|you oughta pick supple limbed|bride clover,斎藤 徳元,Tokugen Saito,1559-1647,2. Teimon,,,,ＮKBZ 近世俳句俳文集,,
26,しし舞もせよやぼたんの花見酒,shishi mai mo|se you ya botan no|hanami-zake,dance that lion |dance with peony|flower viewing sake ,斎藤 徳元,Tokugen Saito,1559-1647,2. Teimon,,,,ＮKBZ 近世俳句俳文集,,
27,あきなひか空ねも高き杜宇,,"that’s business, I guess |inflating the asking price|the cuckoo||will I ever tire|of your sharp call high in the sky|cuckoo",斎藤 徳元,Tokugen Saito,1559-1647,2. Teimon,き,,,ＮKBZ 近世俳句俳文集,,
28,身にしむや香炉の煙秋の風,,,斎藤 徳元,Tokugen Saito,1559-1647,2. Teimon,,,,ＮKBZ 近世俳句俳文集,,
29,一はつの 花や夏野の きのうけふ,ichi hatsu no|hana ya natsuno no|kinō kyō,,斎藤 徳元,Tokugen Saito,1559-1647,2. Teimon,,,,ＮKBZ 近世俳句俳文集,,
30,霞さへまだらにたつやとらの年,kasumi sae|madara ni tatsu ya|tora no toshi,even the mist|is decked in stripes|year of the tiger ,松永貞徳,Matsunaga Teitoku,1571-1654,2. Teimon,Spring,"霞 【かすみ】 kasumi, (spring) mist [frequently translated ""haze""; see note ""On Haze, Mist, Fog""] (all spring).",Puppy Collection,ＮKBZ 近世俳句俳文集,,
31,鳳凰も出でよのどけきとりの年,hōō mo ide |nodokeki |tori no toshi,may even phoenixes|come out this calm|year of the bird,松永貞徳,Matsunaga Teitoku,1571-1654,2. Teimon,New year,"【のどけし】 nodokeshi, calm/tranquil/serene",Puppy Collection,ＮKBZ 近世俳句俳文集,,
32,花よりも団子やありて帰る雁,hana yori mo|dango ya arite|kaeru kari,"It is said, dumplings|are better than blossoms-|returning geese.",松永貞徳,Matsunaga Teitoku,1571-1654,2. Teimon,Spring,帰る雁,Enokoshū犬子集 (Puppy Collection) #307,ＮKBZ 近世俳句俳文集,帰る雁 (Returning geese) spring,
33,けさたるるつららやよだれうしの年,kesa taruru|tsurara ya yodare|ushi no toshi,• |• |• ,松永貞徳,Matsunaga Teitoku,1571-1654,2. Teimon,,,,,,
34,紅梅やかの銀公がからごろも,kōbai ya |kano ginkō no |Karakoromo,crimson plum—|renowned Empress Ginko’s|Chinese robe,松永貞徳,Matsunaga Teitoku,1571-1654,2. Teimon,,,,,,
35,烏には似ぬうの花ぞ鷺の色,karasu niwa|ninu unohana zo|sagi no iro,"resembling a crow|not in the least, the cormorant flower|color of egret",松永貞徳,Matsunaga Teitoku,1571-1654,2. Teimon,summer,"卯の花 【うのはな】 u-no-hana, deutzia flowers [Deutzia crenata] (early summer).",Puppy Collection,,,
36,比翼かやはねをならべて帰雁,hiyoku kaya|hane wo narabete|kaeru kari,be as two birds! |flying wingtip to wingtip|returning geese,松永貞徳,Matsunaga Teitoku,1571-1654,2. Teimon,,帰る雁,Puppy Collection,SNKBT 初期俳諧集,帰る雁 (Returning geese) spring,
37,松ならび穴へ餅ひき子のひ哉,,,松永貞徳,Matsunaga Teitoku,1571-1654,2. Teimon,,,,,,
38,正月の礼者とながむいぬの年,,,松永貞徳,Matsunaga Teitoku,1571-1654,2. Teimon,,,,,,
39,野寺あれて跡にやはゆる仏の座,,,松永貞徳,Matsunaga Teitoku,1571-1654,2. Teimon,,,,,,
40,かははがれからきめやみる山椒の木,,,松永貞徳,Matsunaga Teitoku,1571-1654,2. Teimon,,,,,,
41,信あれば是も飛梅の奇特かな,,,松永貞徳,Matsunaga Teitoku,1571-1654,2. Teimon,,,,,,
42,ねふらせて養ひ立よ花の雨,,,松永貞徳,Matsunaga Teitoku,1571-1654,2. Teimon,,,,,,
43,つくつくし売るやはかまの町くだり,,,松永貞徳,Matsunaga Teitoku,1571-1654,2. Teimon,,,,,,
44,暑き夜の星はあせぼかあまの原,,,松永貞徳,Matsunaga Teitoku,1571-1654,2. Teimon,,,,,,
45,正月にうちしは夢か玉まつり,,,松永貞徳,Matsunaga Teitoku,1571-1654,2. Teimon,,,,,,
46,つづりさせとちちち鳴くやきれぎれす,,,松永貞徳,Matsunaga Teitoku,1571-1654,2. Teimon,,,,,,
47,おもしろくはらはら落る木葉哉,,,松永貞徳,Matsunaga Teitoku,1571-1654,2. Teimon,,,,,,
48,門前に市も立花の盛哉,kado mae ni|ichi mo tachibana no|sakari kana,a throng of mandarin viewers|gather before my gate |like a bazaar ,松永貞徳,Matsunaga Teitoku,1571-1654,2. Teimon,summer,Tachibana,Puppy Collection,ＮKBZ 近世俳句俳文集,,based on saying; pun on tachi
49,七夕のなかうどなれや宵の月,tanabata no|nakaudo nare ya|yoi no tsuki,be the matchmaker |for the star festival—|evening moon,松永貞徳,Matsunaga Teitoku,1571-1654,2. Teimon,Autumn,"七夕 【たなばた】 tanabata, Tanabata / Festival of the Weaver [literally ""seventh evening"", referring to the traditional date, the 7th day of the 7th lunar month; about mid August, but now celebrated 7 July some places, 7 August others] (early autumn).",Puppy Collection,Haiku Taikan ,,
50,皆人のひるねのたねや秋のつき,mina hito no|hirune no tane ya|aki no tsuki,the seed of |everyone's naps—|autumn moon ,松永貞徳,Matsunaga Teitoku,1571-1654,2. Teimon,Autumn,"月 【つき】 tsuki, moon (all autumn).",Puppy Collection,,,
51,かへり点の文字か跡先帰雁,kaeriten no|moji ka ato saki|kaerikari,diacritical marked|letters? Switching order|returning geese,松永貞徳,Matsunaga Teitoku,1571-1654,2. Teimon,,帰る雁 (Returning geese) spring,Enokoshū犬子集 (Puppy Collection) #305,ＮKBZ 近世俳句俳文集,,
52, 酒や時雨のめば紅葉ぬ人もなし,sake ya shigure |nomeba momijinu|hito mo nashi,wine & winter drizzle|drink it up and everyone's face  |reddens like maple leaves,松永貞徳,Matsunaga Teitoku,1571-1654,2. Teimon,Autumn,"紅葉 【もみじ】 momiji, （もみぢ）, red leaves / red (maple) leaves (late autumn).",Enokoshū犬子集 (Puppy Collection),ＮKBZ 近世俳句俳文集,,
53,在次第うす雪きやせ今日の春,ari shidai|usu yuki kiyase|kyō no haru,melt every last bit|of the dappled snow|this day of spring,松永貞徳,Matsunaga Teitoku,1571-1654,2. Teimon,Spring,春,Kunlun Mountain Collection,Haiku Taikan ,,daiusu means Christian. Poem about Christian upraising.
54,ありたつたひとりたつたる今年かな,ari tattta  |hitori tattaru  |kotoshi kana ,Oh! He stood!|He is standing by himself!|This New Year,松永貞徳,Matsunaga Teitoku,1571-1654,2. Teimon,Spring,"春立つ 【はるたつ】 haru tatsu, spring begins",Puppy Collection,Haiku Taikan ,,
55, 歌いづれ小町躍や伊勢躍,uta izure			|komachi odori ya		|ise odori,which has the better songs?|the Komachi dance-|or the Ise dance,松永貞徳,Matsunaga Teitoku,1571-1654,2. Teimon,Autumn,"踊 【おどり】 odori, (Bon Festival) dance/dancing [note that while this is the common word for dancing, in haikai it always means dancing at Obon unless otherwise specified] (early autumn).",Puppy Collection,Haiku Taikan ,,
56,大服や城を粉になす茶磨山,ōfuku ya|shiro wok o ni nasu|chausuyama,auspicious New Year’s tea—|the castle is ground to powder|from Mt. Tea Mortar ,松永貞徳,Matsunaga Teitoku,1571-1654,2. Teimon,Spring,大服,New Year's 3 poem set,Haiku Taikan ,,marks the end of the Osaka campain. Earlest known saitan mitsumono
57,しほるるは何かあんずの花の色,shioruru wa|nanka annzu no |hana no iro,"withering|with worry, the hue |of apricot blossoms",松永貞徳,Matsunaga Teitoku,1571-1654,2. Teimon,Spring,"杏の花 【あんずのはな】 anzu no hana, apricot blossoms [Prunus ansu] (late spring).",Puppy Collection,Haiku Taikan ,,anzu ouns apricot and worry
58,すそ野暑く頭寒足熱富士の雪,suso no atsuku|zukan sokunetsu|fuji no yuki,these foothills are so hot|cool the head and heat the feet|Mt. Fuji,松永貞徳,Matsunaga Teitoku,1571-1654,2. Teimon,Summer,"暑し 【あつし】 atsushi, hot (all summer).",Kunlun Mountain Collection,Haiku Taikan ,,zukan-sokunetsu is a saying
59,雪月花一度に見する卯木かな,setsu-getsu-ka|ichido ni misuru|utsuki kana,"snow, moon, and blossoms|viewed all at once|in deutzia flowers",松永貞徳,Matsunaga Teitoku,1571-1654,2. Teimon,Summer,"卯木の花 【うつぎのはな】 utsugi-no-hana, deutzia flowers",Kunlun Mountain Collection,Haiku Taikan ,,"卯 is a blssom. Utsuki mean moon, and u is white like snow"
60,つみ綿かぬり桶なりの庭の雪,tsumi wata ka|nuri oke nari no|niwa no yuki,Is it pulled cotton?|A lacquered bucket covered with snow|In the garden ,松永貞徳,Matsunaga Teitoku,1571-1654,2. Teimon,Winter,"雪 【ゆき】 yuki, snow (late winter).",貞徳永代日記,Haiku Taikan ,,
61,てん長くち人誉むるや秋の月,ten nagaku|chihito homuru ya|aki no tsuki,heavenly marked and|celebrated by the multitudes—|moon of autumn  ,松永貞徳,Matsunaga Teitoku,1571-1654,2. Teimon,Autumn,"秋の月 【あきのつき】 aki no tsuki, autumn moon",Jeweled Sea Collection,Haiku Taikan ,,"tennaga 1. 天長eternal, 2. His students will long mark poems, 3. High praise|chihito 1. Many people, 2. 天地人 |"
62,ねぶらせて養ひたてよ花のあめ,• |• |• ,• |• |• ,松永貞徳,Matsunaga Teitoku,1571-1654,2. Teimon,,,,,,
63, 春たつは衣の棚の霞かな ,haru tatsu wa			|koromo no tana no|kasumi kana	,spring begins|in the Robe Bureau district |with bolts cut from mist,松永貞徳,Matsunaga Teitoku,1571-1654,2. Teimon,,,,,,
64,冬龍虫けらまでもあなかしこ,• |• |• ,• |• |• ,松永貞徳,Matsunaga Teitoku,1571-1654,2. Teimon,,,,,,
65,ゆき尽くす江南の春の光かな,• |• |• ,• |• |• ,松永貞徳,Matsunaga Teitoku,1571-1654,2. Teimon,,,,,,
66,くくり目を見つつ夜長き枕かな,• |• |• ,• |• |• ,松永貞徳,Matsunaga Teitoku,1571-1654,2. Teimon,,,,,,
67,けさたるるつららやよだれうしの年,• |• |• ,• |• |• ,松永貞徳,Matsunaga Teitoku,1571-1654,2. Teimon,,,,,,
68,梅も先にほひてくるや午の年,ume mo saki |nioite kuru ya |ushi no toshi,The scent of plum|comes first carried by|the Year of the Ox,松永貞徳,Matsunaga Teitoku,1571-1654,2. Teimon,,,,,,
69,もえながら有るや火鼠のかは柳,,While burning|the fire rat skin|river willow.,松永貞徳,Matsunaga Teitoku,1571-1654,2. Teimon,,,Mt. Kozan Collection,,,
70,玉札の飛脚か急ぎ帰雁,tamazusa no|hikyaku ka isogi|kaeru kari,,松永貞徳,Matsunaga Teitoku,1571-1654,2. Teimon,,,Enokoshū犬子集 (Puppy Collection) #304,,,
71,山の腰にはく夕だちや雲の帯,yama no koshi ni|haku yudachi ya|kumo no obi,from mountain hips|hangs an evening storm blade—|belt of clouds,松永貞徳,Matsunaga Teitoku,1571-1654,Teimon,,,,俳句の歴史,,
72,先かづく頭はかみなづきんかな,mazu ka zuku|kashira wa kamina|zukin kana,first must wear |on a baldhead in godless month|a hood,松永貞徳,Matsunaga Teitoku,1571-1654,Teimon,,"Godless month, hood (winter)",Enokoshū犬子集 (Puppy Collection) #1328,SNKBT 初期俳諧集,,
73,しも月のあるに付てやかみな月,shimo tsuki no|aru ni tsukite ya|kaminatsuki,the frost month|is below and so above|is the godless month,松永貞徳,Matsunaga Teitoku,1571-1654,Teimon,,"Godless month, hood (winter)",Enokoshū犬子集 (Puppy Collection) #1329,SNKBT 初期俳諧集,,
74,春と夏と秋とけふとの四ぐれかな,haru to natsu to|aki to kyō to no|shigure kana,spring & summer &|autumn & today’s|makes “four kures”,松永貞徳,Matsunaga Teitoku,1571-1654,Teimon,winter,"時雨 【しぐれ】 shigure, (winter) shower/drizzle (early winter)",Enokoshū犬子集 (Puppy Collection) #1335,SNKBT 初期俳諧集,,
75,足はやき雲や時雨の先ばしり,ashihayaki|kumo ya shigure no|Sakibashiri,the quick-footed|cloud—winter shower's |forerunner ,松永貞徳,Matsunaga Teitoku,1571-1654,Teimon,winter,"時雨 【しぐれ】 shigure, (winter) shower/drizzle (early winter)",Enokoshū犬子集 (Puppy Collection) #1336,SNKBT 初期俳諧集,,
76,きつくふるをやいたやとゆふ時雨,"Hard falling sound|on the roof boards, “it hurts!”|says the winter shower",kutsuku furu|oto ya itaya to|yuu shigure,松永貞徳,Matsunaga Teitoku,1571-1654,Teimon,winter,"時雨 【しぐれ】 shigure, (winter) shower/drizzle (early winter)",Enokoshū犬子集 (Puppy Collection) #1337,SNKBT 初期俳諧集,,
77,山姥が尿やしぐれの山めぐり,the mt. Hag|goes around the mt.|Pissing a winter shower,yamauba ga|bari ya shigure no|Yamamuguri,松永貞徳,Matsunaga Teitoku,1571-1654,Teimon,winter,"時雨 【しぐれ】 shigure, (winter) shower/drizzle (early winter)",Enokoshū犬子集 (Puppy Collection) #1338,SNKBT 初期俳諧集,,前書：渋谷紀州興行に|渋谷以重 Shibuya Ijū – noh actor|play on the play Yamauba|冬は萌冴え行く時雨の雲の|Konzanshu- 山姥やしとをしぐれの山めぐり
78,時宗寺の時雨の亭や雨やどり,＠ the winter rain pavilion |@ Jishū Temple|waiting for the rain to stop,Jishūdera no|shigure no chin ya|Ameyadori,松永貞徳,Matsunaga Teitoku,1571-1654,Teimon,winter,"時雨 【しぐれ】 shigure, (winter) shower/drizzle (early winter)",Enokoshū犬子集 (Puppy Collection) #1339,SNKBT 初期俳諧集,,前書：六条道場にて
79,さざれ言もいははふとての試筆哉,,,石田未得,Ishida Mitoku,1587 - 1669,2. Teimon,,,,ＮKBZ 近世俳句俳文集,,
80,風ならで誰かあぐべき柳髪,,,石田未得,Ishida Mitoku,1587 - 1669,2. Teimon,,,,ＮKBZ 近世俳句俳文集,,
81,天は沖地は磯なれや霧の海,,,石田未得,Ishida Mitoku,1587 - 1669,2. Teimon,,,,ＮKBZ 近世俳句俳文集,,
82,ながめしは野菊のくきのはじめ哉,,,石田未得,Ishida Mitoku,1587 - 1669,2. Teimon,,,,ＮKBZ 近世俳句俳文集,,
83,,,,,,,,,,,,,
84,千金をのべたか春の月の弓,senkin wo|nobetaka haru no|tsuki no yuki,,,,,,,,,,,
85,水なしが花の波たつ夕あらし,mizu nashi ga|hana no nami tatsu |yū arashi,,,,,,,,,,,
86,定家にて向けむ花やはつか草,sadaie ni|te-mukemu hana ya|Hatsuka-gusa,,,,,,,,,,,
87,水けぶる下にてたくやもみぢ鮒,mizu keburu|shita nite taku ya|Momiji-buna,,,,,,,,,,,
88,ほこ長し天が下照る姫はじめ,,,杉木望一,Sugiki Moichi,1586－1643,2. Teimon,,,,ＮKBZ 近世俳句俳文集,,
89,雨に声鬼一口か郭公,ame ni koe |oni hitokuchi ka|hototogisu,,杉木望一,Sugiki Moichi,1586－1643,2. Teimon,,,望一千句,,,
90,花に来ぬ人笑ふらし春の山,,,杉木望一,Sugiki Moichi,1586－1643,2. Teimon,,,,ＮKBZ 近世俳句俳文集,,
91,風をさへまねき出したる扇哉,,,杉木望一,Sugiki Moichi,1586－1643,2. Teimon,,,,ＮKBZ 近世俳句俳文集,,
92,松笠や花笠となす今朝の雪,,,杉木望一,Sugiki Moichi,1586－1643,2. Teimon,,,,ＮKBZ 近世俳句俳文集,,
93,雨の親やそだつる花の子を大じ,ame no oya ya|sodatsuru hana no |ko wo daiji,,荻田安静,Ogita Ansei,生年不詳 －1669 ,2. Teimon,,,,ＮKBZ 近世俳句俳文集,,
94,引きかへて蛇を人やのむ菖蒲ざけ,,,荻田安静,Ogita Ansei,生年不詳 －1669 ,2. Teimon,,,,ＮKBZ 近世俳句俳文集,,
95,おぼえぬや手の舞ひ足の文月よ,,,荻田安静,Ogita Ansei,生年不詳 －1669 ,2. Teimon,,,,ＮKBZ 近世俳句俳文集,,
96,あぢはひはからや高麗きくの酒,,,荻田安静,Ogita Ansei,生年不詳 －1669 ,2. Teimon,,,,ＮKBZ 近世俳句俳文集,,
97,春ながの年の頭や福禄寿,haru-naga no|toshi no kashira ya|fukurokuju,"spring days are long|year’ head—|God of Wealth, Happiness, Longevity",鶏冠井令徳 ,Kaedei Ryōtoku ,1589-1679,2. Teimon,,"春なが (spring days are long), 日永 【ひなが】 hinaga, day(s) lengthening (all spring).",Hawk of Tsukuba Collection,ＮKBZ 近世俳句俳文集,,
98,ね入ばなの園や萌黄の蚊やの内,neiribana no|sono ya moegi no|kaya no uchi,"drifting off, sleep blossoms |orchard— inside a vernal green|mosquito net  ",鶏冠井令徳 ,Kaedei Ryōtoku ,1589-1679,2. Teimon,,"蚊や (), 蚊帳 【かや】 kaya, mosquito net (all summer).",Hawk of Tsukuba Collection,ＮKBZ 近世俳句俳文集,,
99,花に蝶のまふは神楽ぞいせ桜,hana no chō no |mau ha kagura zo |ise-zakura,butterflies dance|the Kagura among the blossoms|here on Ise Hill,鶏冠井令徳 ,Kaedei Ryōtoku ,1589-1679,2. Teimon,,,,,,
100,稲妻の面影見てやよばひ星,inazuma no|omokage mite ya|Yobaiboshi,to view his wife's|vestige |the star wanders  ,鶏冠井令徳 ,Kaedei Ryōtoku ,1589-1679,2. Teimon,,,Puppy Collection,ＮKBZ 近世俳句俳文集,,
101,馬合羽雪打ちはらふ袖もなし,umagappa |yuki ichi harau|sode mo nashi,my riding jacket |hasn't even sleeves|to brush the snow off of ,鶏冠井令徳 ,Kaedei Ryōtoku ,1589-1679,2. Teimon,,,Haikai Geneology,ＮKBZ 近世俳句俳文集,,
102,帰らずば都の人やうれしかり,kaerazuba|miyako no hito zo|ureshi-kari,,鶏冠井令徳 ,Kaedei Ryōtoku ,1589-1679,2. Teimon,,,Mt. Kozan Collection,俳句大観,,
103,柴にまた餅花咲くや二度の春,shiba ni mata|mochibana saku ya|nido no haru,,鶏冠井令徳 ,Kaedei Ryōtoku ,1589-1679,2. Teimon,,,Mt. Kozan Collection,,,
104,花にあふぞ浮木の亀の一万句,hana ni asobu|fuboku no kame no|ichimanku,,鶏冠井令徳 ,Kaedei Ryōtoku ,1589-1679,2. Teimon,,,Mt. Kozan Collection,,,
105,福の神を今日乗せ来るや午の年,fuku no kami |wo kyō nose-kuru ya|uma no toshi,,鶏冠井令徳 ,Kaedei Ryōtoku ,1589-1679,2. Teimon,,,Puppy Collection,,,
106,春永といふやことばのかざり縄,harunaga to  |ufu ya kotoba no|kazari nawa,draping the verbal garland  |of “the abiding spring”|like a sacred straw hawser,野々口立圃,Nonoguchi Ryūho ,1595-1669,2. Teimon,,,,ＮKBZ 近世俳句俳文集,,
107,餅花をけふや宰府の神のぬさ,ten mo hana ni|weeru ka kumo no|midareashi,• |• |• ,野々口立圃,Nonoguchi Ryūho ,1595-1669,2. Teimon,,,,ＮKBZ 近世俳句俳文集,,
108,かをり来て目に酢ぞたまる梅の花,kaori kite|me ni su zo tamaru|ume no hana,• |• |• ,野々口立圃,Nonoguchi Ryūho ,1595-1669,2. Teimon,,,,ＮKBZ 近世俳句俳文集,,
109,松風の琴の唱歌や蝉のこゑ,matsukaze no|koto no shōga ya|semi no koe,• |• |• ,野々口立圃,Nonoguchi Ryūho ,1595-1669,2. Teimon,,,,ＮKBZ 近世俳句俳文集,,
110,霧の海の底なる月はくらげ哉,kiri no umi no|sokonaru tsuki wa|kurage naka,• |• |• ,野々口立圃,Nonoguchi Ryūho ,1595-1669,2. Teimon,,,,ＮKBZ 近世俳句俳文集,,
111,あらはれて見えよ芭蕉の雪女,arawarete|mieyo bashō no|Yukionna,• |• |• ,野々口立圃,Nonoguchi Ryūho ,1595-1669,2. Teimon,,,,,,
112,絵に似たる顔やヘマムシ夜半の月,e ni nitaru|kao ya hemamushi|yowa no tsuki,• |• |• ,野々口立圃,Nonoguchi Ryūho ,1595-1669,2. Teimon,,,,,,
113,源氏ならで上下に祝ふ若菜かな,genji narade|jōge ni iwau|wakana kana,it ain't Genji|but the halves & half nots|celebrating “Young Herbs”,野々口立圃,Nonoguchi Ryūho ,1595-1669,2. Teimon,,,,,,
114,声なくて花や梢の高笑ひ,• |• |• ,• |• |• ,野々口立圃,Nonoguchi Ryūho ,1595-1669,2. Teimon,,,,,,
115,月影をくみこぼしけり手水鉢,• |• |• ,• |• |• ,野々口立圃,Nonoguchi Ryūho ,1595-1669,2. Teimon,,,,,,
116,花ひとつたもとにすがる童かな,• |• |• ,• |• |• ,野々口立圃,Nonoguchi Ryūho ,1595-1669,2. Teimon,,,,,,
117,ほころぶや尻も結ばぬ糸桜,• |• |• ,• |• |• ,野々口立圃,Nonoguchi Ryūho ,1595-1669,2. Teimon,,,,,,
118,天も花にゑへるか雲のみだれあし,ten mo hana ni|weeru ka kumo no|Midareashi,• |• |• ,野々口立圃,Nonoguchi Ryūho ,1595-1669,2. Teimon,,,,ＮKBZ 近世俳句俳文集,,
119,やあしばらく花に対して鐘撞く事,,,松江 重頼,Matsue Shigeyori,1602–1680,2. Teimon,,,,ＮKBZ 近世俳句俳文集,,
120,秋や今朝一足に知るのごひ縁,,,松江 重頼,Matsue Shigeyori,1602–1680,2. Teimon,,,,ＮKBZ 近世俳句俳文集,,
121,さほひめやかくる柳の長かもじ,,"The goddess Sao—|hidden in the willow,|her long hair.",松江 重頼,Matsue Shigeyori,1602–1680,2. Teimon,,,Puppy Collection,,,
122,鶯が引琴の緒や糸柳,,The warbler|plays the harp strings|of a thread willow.,松江 重頼,Matsue Shigeyori,1602–1680,2. Teimon,,,Puppy Collection,,,
123,観音のちからや見するこぶ柳	,,Kannon’s|strength seen in|a swelling willow.,松江 重頼,Matsue Shigeyori,1602–1680,2. Teimon,,,Haikai Notebook of Hokku,,,
124,天も花に酔へるか曇の乱,,,松江 重頼,Matsue Shigeyori,1602–1680,Teimon,,,,,,
125,春のひの威光をみする雪間哉,,,松江 重頼,Matsue Shigeyori,1602–1680,Teimon,,,,ＮKBZ 近世俳句俳文集,,
126,料理して今日もくらしつ桜だひ,,,松江 重頼,Matsue Shigeyori,1602–1680,Teimon,,,,ＮKBZ 近世俳句俳文集,,
127,落汐に鳴門やつれて暮の春,,,松江 重頼,Matsue Shigeyori,1602–1680,Teimon,,,,ＮKBZ 近世俳句俳文集,,
128,しばし見む蟻の通路蝉のから,,,松江 重頼,Matsue Shigeyori,1602–1680,Teimon,,,,ＮKBZ 近世俳句俳文集,,
129,順礼の棒ばかり行く夏野かな,,,松江 重頼,Matsue Shigeyori,1602–1680,Teimon,,,,ＮKBZ 近世俳句俳文集,,
130,野に嬉し虫待宵の小行灯,,,松江 重頼,Matsue Shigeyori,1602–1680,Teimon,,,,ＮKBZ 近世俳句俳文集,,
131,御座舟や霧間もれたる須磨明石,,,松江 重頼,Matsue Shigeyori,1602–1680,Teimon,,,,ＮKBZ 近世俳句俳文集,,
132,ふる雪は京おしろいとみやこ哉,,,松江 重頼,Matsue Shigeyori,1602–1680,Teimon,,,,ＮKBZ 近世俳句俳文集,,
133,ながむとて花にもいたし首の骨            ,nagamu to te  |hana ni mo itashi     |kubi no hone      |    ,staring at|the blossoms it hurts|my neck bone          |,西山 宗因,Nishiyama Sōin ,1605-1682,3. Danrin,,,,,,
134,さればここに談林の木あり梅の花,sareba kokoni     |danrin no ki ari   |ume no hana |,,西山 宗因,Nishiyama Sōin ,1605-1682,3. Danrin,,,,,,
135,ながむとて花にもいたし頸の骨, |||,,西山 宗因,Nishiyama Sōin ,1605-1682,3. Danrin,,,,,,
136,今こんといひしばかりの料理かな, |||,,西山 宗因,Nishiyama Sōin ,1605-1682,3. Danrin,,,,,,
137,里人のわたり候かはしの霜, |||,,西山 宗因,Nishiyama Sōin ,1605-1682,3. Danrin,,,,,,
138,若竹の心かけ樋や軒のつま,waka-take no|kokoro-kake hi ya|noki no tsuma,,山本西武,Yamamoto Saimu ,1610 – 1682 ,2. Teimon,,,,ＮKBZ 近世俳句俳文集,,
139,鶯の歌や書ぞめ鳥のあと,uguisu no|uta ya kakizome|tori no ato,taking the warbler's song|for the first calgraphy of the year|like bird tracks,山本西武,Yamamoto Saimu ,1610 – 1682 ,2. Teimon,New year,"書初 【かきぞめ】 kakizome, first calligraphy [of the New Year] (New Year).",Hawk of Tsukuba Collection,ＮKBZ 近世俳句俳文集,,
140,咲くえだの夭々たるや桃の酒,saku eda no|yōyōtaru ya|momo no sake,the flowering boughs|pictured so youthfully—|pulm sake,山本西武,Yamamoto Saimu ,1610 – 1682 ,2. Teimon,,,mizukuruma,ＮKBZ 近世俳句俳文集,,
141,さほ姫のかく恋草や土の筆,sahohime no|kaku koe-gusa ya|tsuchi no fude,Princes Sao |expresses her weedy love|with horsetail shoot,山本西武,Yamamoto Saimu ,1610 – 1682 ,2. Teimon,Spring,"土筆 【つくし】 tsukushi, horsetail shoot(s) [the reproductive shoots of Equisetum arvense] (mid spring).",Hawk of Tsukuba Collection,ＮKBZ 近世俳句俳文集,,
142,若竹の心かけ樋や軒のつま,waka-take no|kokoro-kake hi ya|noki no tsuma,the consideration to |mount a young bamboo gutter—|on the eaves ,山本西武,Yamamoto Saimu ,1610 – 1682 ,2. Teimon,,,Hawk of Tsukuba Collection,ＮKBZ 近世俳句俳文集,,pun: kokorokake=kakehi; tsu as egde and wife
143,そちは何をなげきの森のよるの蝉,,,安原貞室|,Yasuhara Teishitsu,1610-1673,2. Teimon,,,Jeweled Sea Collection,ＮKBZ 近世俳句俳文集,,
144,こもよみこ餅煮んとつむ若菜哉,,,安原貞室|,Yasuhara Teishitsu,1610-1673,2. Teimon,,,Jeweled Sea Collection,ＮKBZ 近世俳句俳文集,,
145,これはこれはとばかり花の吉野,kore wa kore wa to |bakari hona no|yoshino yama,"this is it, this is it!|that's the only thing to say|Mt. Yoshino",安原貞室|,Yasuhara Teishitsu,1610-1673,2. Teimon,,,,,,
146,歌いくさ文武二道の蛙かな,,,安原貞室|,Yasuhara Teishitsu,1610-1673,2. Teimon,,,,,,
147,夏迄もとつておきなの氷室哉,,,高瀬梅盛,Takase Baisei,1619 - 1702,2. Teimon,,,Pebbles,ＮKBZ 近世俳句俳文集,,
148,口ばしを雲にかけぬる雲雀かな,,,高瀬梅盛,Takase Baisei,1619 - 1702,2. Teimon,,,Jeweled Sea Collection,ＮKBZ 近世俳句俳文集,,
149,春立つや人の心をうご霞,,,高瀬梅盛,Takase Baisei,1619 - 1702,2. Teimon,,,Book of Impersonations,ＮKBZ 近世俳句俳文集,,
150,月の貌やふけてもわかし十八夜,,,高瀬梅盛,Takase Baisei,1619 - 1702,2. Teimon,,,,ＮKBZ 近世俳句俳文集,,
151,独寝も肌やあはする紙ぶすま,,,高瀬梅盛,Takase Baisei,1619 - 1702,2. Teimon,,,,ＮKBZ 近世俳句俳文集,,
152,,,,,,,,,,,,,
153,,,,,,,,,,,,,
154,名乗りけり大をんじゃうしほととぎす,• |• |• ,,北村 季吟,Kitamura Kigin,1625-1705,2. Teimon,,,,,,
155,夏痩と答へてあとは涙かな,• |• |• ,,北村 季吟,Kitamura Kigin,1625-1705,2. Teimon,,,,,,
156,まざまざといますがごとし魂祭,• |• |• ,,北村 季吟,Kitamura Kigin,1625-1705,2. Teimon,,,,,,
157,腰をふる門やかぶきもの,• |• |• ,,北村 季吟,Kitamura Kigin,1625-1705,2. Teimon,,,,,,
158,身がろげに舞ふ羽づかひや趙飛燕,• |• |• ,,北村 季吟,Kitamura Kigin,1625-1705,2. Teimon,,,,,,
159,桃の酒いつみかはけふ三かのはら,• |• |• ,,北村 季吟,Kitamura Kigin,1625-1705,2. Teimon,,,,,,
160,匂ひみちぬ天も地もとの花ざかり,• |• |• ,,北村 季吟,Kitamura Kigin,1625-1705,2. Teimon,,,,,,
161,地主からは木の間の花の都哉,• |• |• ,,北村 季吟,Kitamura Kigin,1625-1705,2. Teimon,,,,,,
162,はら筋をよりてや笑ふ絲ざくら,• |• |• ,,北村 季吟,Kitamura Kigin,1625-1705,2. Teimon,,,,,,
163,めづらしや二四八のほととぎす,• |• |• ,,北村 季吟,Kitamura Kigin,1625-1705,2. Teimon,,,,,,
164,鴈は文字おほふや霧のゐんふたぎ,• |• |• ,• |• |• ,北村 季吟,Kitamura Kigin,1625-1705,2. Teimon,,,,,,
165,年の内へふみこむ春の日足哉,• |• |• ,• |• |• ,北村 季吟,Kitamura Kigin,1625-1705,2. Teimon,,,,,,
166,一僕とぼくぼくあるく花見かな,,,北村 季吟,Kitamura Kigin,1625-1705,2. Teimon,,,,,,
167,夏痩と答へてあとは涙かな,,,北村 季吟,Kitamura Kigin,1625-1705,2. Teimon,,,,,,
168,くず水や花の下ゆく吉野川,,,北村 季吟,Kitamura Kigin,1625-1705,2. Teimon,,,,,,
169,秋風の姿なりけりむらすすき,,,北村 季吟,Kitamura Kigin,1625-1705,2. Teimon,,,,,,
170,一僕とぼくぼくありく花見哉,,,北村 季吟,Kitamura Kigin,1625-1705,2. Teimon,,,,,,
171,地主からは木の間の花の都かな,,,北村 季吟,Kitamura Kigin,1625-1705,2. Teimon,,,,,,
172,腰をふる門の柳やかぶきもの,,,北村 季吟,Kitamura Kigin,1625-1705,2. Teimon,,,,,,
173,まざまざといますが如し魂祭,,,北村 季吟,Kitamura Kigin,1625-1705,2. Teimon,,,,,,
174, 時雨るるや黒木積む屋の窓あかり,• |• |• ,• |• |• ,野沢凡兆,Nozawa Bonchō,1640 - 1714,4. Shōmon,,,,,,
175,,,,野沢凡兆,Nozawa Bonchō,1640 - 1714,4. Shōmon,,,『去来発句集』『貞享三年其角歳旦帖』（,日本古典文学全集 (256) 蝸牛俳句文庫31 (4),,
176,手をはなつ中に落ちけり朧月,,,野沢凡兆,Nozawa Bonchō,1640 - 1714,4. Shōmon,,,,,,
177,元日や家に譲りの太刀帯かん,ganjitsu ya ie ni yuzuri no tachi hakan,first day-|the sword past down in my family|I will wear|,野沢凡兆,Nozawa Bonchō,1640 - 1714,4. Shōmon,,,,,,
178,元日やはれて雀のものがたり,,,野沢凡兆,Nozawa Bonchō,1640 - 1714,4. Shōmon,,,,,,
179,ねれ縁や薺こぼるゝ土ながら,,,野沢凡兆,Nozawa Bonchō,1640 - 1714,4. Shōmon,,,,,,
180,うまず女の雛かしづくぞ哀れなる,,,野沢凡兆,Nozawa Bonchō,1640 - 1714,4. Shōmon,,,,,,
181,竹の子や児の歯ぐきのうつくしき,,,野沢凡兆,Nozawa Bonchō,1640 - 1714,4. Shōmon,,,,,,
182,文もなく口上もなし粽五把,,,野沢凡兆,Nozawa Bonchō,1640 - 1714,4. Shōmon,,,,,,
183,さみだれや蚯蚓のとほす鍋のそこ,,,野沢凡兆,Nozawa Bonchō,1640 - 1714,4. Shōmon,,,,,,
184,秋風の心うごきぬ縄すだれ,,,野沢凡兆,Nozawa Bonchō,1640 - 1714,4. Shōmon,,,,,,
185,真夜中やふりかわりたる天の川,,,野沢凡兆,Nozawa Bonchō,1640 - 1714,4. Shōmon,,,,,,
186,名月や煙這いゆく水のうへ,,,野沢凡兆,Nozawa Bonchō,1640 - 1714,4. Shōmon,,,,,,
187,はぜ釣るや水村山廓酒旗の風,,,野沢凡兆,Nozawa Bonchō,1640 - 1714,4. Shōmon,,,,,,
188,黄菊白菊其外の名はなくもがな,,,野沢凡兆,Nozawa Bonchō,1640 - 1714,4. Shōmon,,,,,,
189,凩の吹きゆくうしろすがたかな,,,野沢凡兆,Nozawa Bonchō,1640 - 1714,4. Shōmon,,,,,,
190,ふとん着て寐たる姿や東山,,,野沢凡兆,Nozawa Bonchō,1640 - 1714,4. Shōmon,,,,,,
191,うめ一輪一りんほどのあたゝかさ,ume ichirin chirin hodo no atatakasa ,one branch of plum|one branch worth of|warmth|,野沢凡兆,Nozawa Bonchō,1640 - 1714,4. Shōmon,,,,,,
192,元日やはれて雀のものがたり,• |• |• ,• |• |• ,野沢凡兆,Nozawa Bonchō,1640 - 1714,4. Shōmon,,,,,,
193,ねれ縁や薺こぼるゝ土ながら,• |• |• ,• |• |• ,野沢凡兆,Nozawa Bonchō,1640 - 1714,4. Shōmon,,,,,,
194,うまず女の雛かしづくぞ哀れなる,• |• |• ,• |• |• ,野沢凡兆,Nozawa Bonchō,1640 - 1714,4. Shōmon,,,,,,
195,竹の子や児の歯ぐきのうつくしき,• |• |• ,• |• |• ,野沢凡兆,Nozawa Bonchō,1640 - 1714,4. Shōmon,,,,,,
196,文もなく口上もなし粽五把,• |• |• ,• |• |• ,野沢凡兆,Nozawa Bonchō,1640 - 1714,4. Shōmon,,,,,,
197,さみだれや蚯蚓のとほす鍋のそこ,• |• |• ,• |• |• ,野沢凡兆,Nozawa Bonchō,1640 - 1714,4. Shōmon,,,,,,
198,秋風の心うごきぬ縄すだれ,• |• |• ,• |• |• ,野沢凡兆,Nozawa Bonchō,1640 - 1714,4. Shōmon,,,,,,
199,真夜中やふりかわりたる天の川,• |• |• ,• |• |• ,野沢凡兆,Nozawa Bonchō,1640 - 1714,4. Shōmon,,,,,,
200,灰汁桶の雫やみけりきりぎりす,,,野沢凡兆,Nozawa Bonchō,1640 - 1714,4. Shōmon,,,,,,
201,下京や雪つむ上のよるの雨,,,野沢凡兆,Nozawa Bonchō,1640 - 1714,4. Shōmon,,,,,,
202,市中は物のにほひや夏の月,,,野沢凡兆,Nozawa Bonchō,1640 - 1714,4. Shōmon,,,,,,
203,上行くと下来る雲や秋の天,,,野沢凡兆,Nozawa Bonchō,1640 - 1714,4. Shōmon,,,,,,
204,鶯や下駄の歯につく小田の土,,,野沢凡兆,Nozawa Bonchō,1640 - 1714,4. Shōmon,,,,,,
205,野馬に子供あそばす狐かな,,,野沢凡兆,Nozawa Bonchō,1640 - 1714,4. Shōmon,,,,,,
206,1)      灰汁桶の雫やみけりきりぎりす,,,野沢凡兆,Nozawa Bonchō,1640 - 1714,4. Shōmon,,,,,,
207,2)      市中は物のにほひや夏の月,,,野沢凡兆,Nozawa Bonchō,1640 - 1714,4. Shōmon,,,,,,
208,3)      上行くと下来る雲や秋の天,,,野沢凡兆,Nozawa Bonchō,1640 - 1714,4. Shōmon,,,,,,
209,4)      鶯や下駄の歯につく小田の土,,,野沢凡兆,Nozawa Bonchō,1640 - 1714,4. Shōmon,,,,,,
210,5)      野馬に子供あそばす狐かな,,,野沢凡兆,Nozawa Bonchō,1640 - 1714,4. Shōmon,,,,,,
211,6)      時雨るるや黒木積む屋の窓あかり,,,野沢凡兆,Nozawa Bonchō,1640 - 1714,4. Shōmon,,,,,,
212,7)      下京や雪積む上の夜の雨,,,野沢凡兆,Nozawa Bonchō,1640 - 1714,4. Shōmon,,,,,,
213,8)      すずしさや朝草門に荷ひ込む,,,野沢凡兆,Nozawa Bonchō,1640 - 1714,4. Shōmon,,,,,,
214,9)      住吉や河掘添へて春の海,,,野沢凡兆,Nozawa Bonchō,1640 - 1714,4. Shōmon,,,,,,
215,10)  禅寺の松の落葉や神無月,,,野沢凡兆,Nozawa Bonchō,1640 - 1714,4. Shōmon,,,,,,
216,11)  ながながと川一筋や雪の原,,,野沢凡兆,Nozawa Bonchō,1640 - 1714,4. Shōmon,,,,,,
217,12)  灰捨てて白梅うるむ垣根かな,,,野沢凡兆,Nozawa Bonchō,1640 - 1714,4. Shōmon,,,,,,
218,13)  初潮や鳴門の浪の飛脚舟,,,野沢凡兆,Nozawa Bonchō,1640 - 1714,4. Shōmon,,,,,,
219,14)  花散るや伽藍の枢落し行く,,,野沢凡兆,Nozawa Bonchō,1640 - 1714,4. Shōmon,,,,,,
220,15)  百舌鳥鳴くや入り日さし込む女松原,,,野沢凡兆,Nozawa Bonchō,1640 - 1714,4. Shōmon,,,,,,
221,16)  物の音ひとり倒るる案山子かな,,,野沢凡兆,Nozawa Bonchō,1640 - 1714,4. Shōmon,,,,,,
222,17)  門前の小家もあそぶ冬至かな,,,野沢凡兆,Nozawa Bonchō,1640 - 1714,4. Shōmon,,,,,,
223,18)  呼びかへす鮒売見えぬあられかな,,,野沢凡兆,Nozawa Bonchō,1640 - 1714,4. Shōmon,,,,,,
224,19)  鷲の巣の樟の枯枝に日は入るぬ,,,野沢凡兆,Nozawa Bonchō,1640 - 1714,4. Shōmon,,,,,,
225,20)  渡り懸けて藻の花のぞく流れかな,,,野沢凡兆,Nozawa Bonchō,1640 - 1714,4. Shōmon,,,,,,
226,21)  木のまたのあでやかなりし柳かな,,,野沢凡兆,Nozawa Bonchō,1640 - 1714,4. Shōmon,,,,,,
227,青葉かな起て舌かく初瀬川,,,野沢凡兆,Nozawa Bonchō,1640 - 1714,4. Shōmon,,,,,,
228,秋篠や庄屋さへなきむら時雨,,,野沢凡兆,Nozawa Bonchō,1640 - 1714,4. Shōmon,,,,,,
229,灰汁桶の雫やみけりきりぎりす,,,野沢凡兆,Nozawa Bonchō,1640 - 1714,4. Shōmon,,,,,,
230,明ぼのやすみれかたぶく土龍,,,野沢凡兆,Nozawa Bonchō,1640 - 1714,4. Shōmon,,,,,,
231,あさ露や鬱金畠の秋の風,,,野沢凡兆,Nozawa Bonchō,1640 - 1714,4. Shōmon,,,,,,
232,あばらやの戸のかすがいよなめくじり,,,野沢凡兆,Nozawa Bonchō,1640 - 1714,4. Shōmon,,,,,,
233,ある僧の嫌ひし花の都かな,,,野沢凡兆,Nozawa Bonchō,1640 - 1714,4. Shōmon,,,,,,
234,市中は物のにほひや夏の月,,,野沢凡兆,Nozawa Bonchō,1640 - 1714,4. Shōmon,,,,,,
235,稲かつぐ母に出迎ふうなひ哉,,,野沢凡兆,Nozawa Bonchō,1640 - 1714,4. Shōmon,,,,,,
236,猪の首の強さよ年の暮,,,野沢凡兆,Nozawa Bonchō,1640 - 1714,4. Shōmon,,,,,,
237,上行と下くる雲や穐の天,,,野沢凡兆,Nozawa Bonchō,1640 - 1714,4. Shōmon,,,,,,
238,鶯や下駄の歯につく小田の土,,,野沢凡兆,Nozawa Bonchō,1640 - 1714,4. Shōmon,,,,,,
239,うつくしく牛の痩たる夏野哉,,,野沢凡兆,Nozawa Bonchō,1640 - 1714,4. Shōmon,,,,,,
240,海山に五月雨そふやーくらみ,,,野沢凡兆,Nozawa Bonchō,1640 - 1714,4. Shōmon,,,,,,
241,老の手の篭におどるや山清水,,,野沢凡兆,Nozawa Bonchō,1640 - 1714,4. Shōmon,,,,,,
242,荻萩と下葉くらべよ長みじか,,,野沢凡兆,Nozawa Bonchō,1640 - 1714,4. Shōmon,,,,,,
243,おとこぶり水のむ顔や秋の月,,,野沢凡兆,Nozawa Bonchō,1640 - 1714,4. Shōmon,,,,,,
244,かゝる身を虱のせむる五月かな,,,野沢凡兆,Nozawa Bonchō,1640 - 1714,4. Shōmon,,,,,,
245,野馬に子共あそばす狐哉,,,野沢凡兆,Nozawa Bonchō,1640 - 1714,4. Shōmon,,,,,,
246,かさなるや雪のある山只の山,,,野沢凡兆,Nozawa Bonchō,1640 - 1714,4. Shōmon,,,,,,
247,髪剃や一夜に金情て五月雨,,,野沢凡兆,Nozawa Bonchō,1640 - 1714,4. Shōmon,,,,,,
248,唐僧も見るや吉野ゝ山桜,,,野沢凡兆,Nozawa Bonchō,1640 - 1714,4. Shōmon,,,,,,
249,枯るほど鵜の来てねるや松の色,,,野沢凡兆,Nozawa Bonchō,1640 - 1714,4. Shōmon,,,,,,
250,雉子なくや我も鼻かむ苔清水,,,野沢凡兆,Nozawa Bonchō,1640 - 1714,4. Shōmon,,,,,,
251,木のまたのあでやかなりし柳哉,,,野沢凡兆,Nozawa Bonchō,1640 - 1714,4. Shōmon,,,,,,
252,くだけたる船の湊やほとゝぎす,,,野沢凡兆,Nozawa Bonchō,1640 - 1714,4. Shōmon,,,,,,
253,くま笹のうき世見あはすかれ野哉,,,野沢凡兆,Nozawa Bonchō,1640 - 1714,4. Shōmon,,,,,,
254,蔵並ぶ裏は燕のかよひ道,,,野沢凡兆,Nozawa Bonchō,1640 - 1714,4. Shōmon,,,,,,
255,くれて行秋や三つ葉の萩の色,,,野沢凡兆,Nozawa Bonchō,1640 - 1714,4. Shōmon,,,,,,
256,木がらしに入相の鐘をすヾしめよ,,,野沢凡兆,Nozawa Bonchō,1640 - 1714,4. Shōmon,,,,,,
257,こりもせでことしも捨ぬ師走哉,,,野沢凡兆,Nozawa Bonchō,1640 - 1714,4. Shōmon,,,,,,
258,こりもせで今年も萌る芭蕉哉,,,野沢凡兆,Nozawa Bonchō,1640 - 1714,4. Shōmon,,,,,,
259,五月雨に家ふり捨てなめくじり,,,野沢凡兆,Nozawa Bonchō,1640 - 1714,4. Shōmon,,,,,,
260,五月雨や苔むす庵のかうの物,,,野沢凡兆,Nozawa Bonchō,1640 - 1714,4. Shōmon,,,,,,
261,時雨るゝや黒木つむ屋の窓あかり,,,野沢凡兆,Nozawa Bonchō,1640 - 1714,4. Shōmon,,,,,,
262,炭竈に手負の猪の倒れけり,,,野沢凡兆,Nozawa Bonchō,1640 - 1714,4. Shōmon,,,,,,
263,下京や雪つむ上の夜の雪,,,野沢凡兆,Nozawa Bonchō,1640 - 1714,4. Shōmon,,,,,,
264,師走かな餅つく音の須磨の浦,,,野沢凡兆,Nozawa Bonchō,1640 - 1714,4. Shōmon,,,,,,
265,すゝはきや餅の次手になでゝ置,,,野沢凡兆,Nozawa Bonchō,1640 - 1714,4. Shōmon,,,,,,
266,すゞしさや朝草門ンに荷ひ込,,,野沢凡兆,Nozawa Bonchō,1640 - 1714,4. Shōmon,,,,,,
267,砂よけや蜑のかたへの冬木立,,,野沢凡兆,Nozawa Bonchō,1640 - 1714,4. Shōmon,,,,,,
268,住よしや河掘添て春の海,,,野沢凡兆,Nozawa Bonchō,1640 - 1714,4. Shōmon,,,,,,
269,禅寺の松の落葉や神無月,,,野沢凡兆,Nozawa Bonchō,1640 - 1714,4. Shōmon,,,,,,
270,蕎麦白き花野をゆけば花野哉,,,野沢凡兆,Nozawa Bonchō,1640 - 1714,4. Shōmon,,,,,,
271,たがために夜るも世話やくほとゝぎす,,,野沢凡兆,Nozawa Bonchō,1640 - 1714,4. Shōmon,,,,,,
272,竹の子の力を誰にたとふべき,,,野沢凡兆,Nozawa Bonchō,1640 - 1714,4. Shōmon,,,,,,
273,立出る秋の夕や風ほろし,,,野沢凡兆,Nozawa Bonchō,1640 - 1714,4. Shōmon,,,,,,
274,七夕の夕月や鈍に暮かぬる,,,野沢凡兆,Nozawa Bonchō,1640 - 1714,4. Shōmon,,,,,,
275,塵ながすほどにもふらじ春の雨,,,野沢凡兆,Nozawa Bonchō,1640 - 1714,4. Shōmon,,,,,,
276,月晴てさし鮪しぶき今宵哉,,,野沢凡兆,Nozawa Bonchō,1640 - 1714,4. Shōmon,,,,,,
277,出るからに花なき在も花見哉,,,野沢凡兆,Nozawa Bonchō,1640 - 1714,4. Shōmon,,,,,,
278,年ぎれの柿もこゝろやむら紅葉,,,野沢凡兆,Nozawa Bonchō,1640 - 1714,4. Shōmon,,,,,,
279,とり沙汰も無事で暮けり葛の花,,,野沢凡兆,Nozawa Bonchō,1640 - 1714,4. Shōmon,,,,,,
280,蜻蛉の藻に日をくらす流かな,,,野沢凡兆,Nozawa Bonchō,1640 - 1714,4. Shōmon,,,,,,
281,毒だめの其の名もゆかし春の草,,,野沢凡兆,Nozawa Bonchō,1640 - 1714,4. Shōmon,,,,,,
282,ながながと川一筋や雪の原,,,野沢凡兆,Nozawa Bonchō,1640 - 1714,4. Shōmon,,,,,,
283,鶏の声もきこゆるやま桜,,,野沢凡兆,Nozawa Bonchō,1640 - 1714,4. Shōmon,,,,,,
284,念仏より欠たふとき霜夜哉,,,野沢凡兆,Nozawa Bonchō,1640 - 1714,4. Shōmon,,,,,,
285,残る葉ものこらずちれや梅もどき,,,野沢凡兆,Nozawa Bonchō,1640 - 1714,4. Shōmon,,,,,,
286,灰捨て白梅うるむ垣ねかな,,,野沢凡兆,Nozawa Bonchō,1640 - 1714,4. Shōmon,,,,,,
287,萩の葉やいかなる人の指の跡,,,野沢凡兆,Nozawa Bonchō,1640 - 1714,4. Shōmon,,,,,,
288,橋守がね所借よ後の月,,,野沢凡兆,Nozawa Bonchō,1640 - 1714,4. Shōmon,,,,,,
289,肌さむし竹切山のうす紅葉,,,野沢凡兆,Nozawa Bonchō,1640 - 1714,4. Shōmon,,,,,,
290,初潮や鳴門の浪の飛脚舟,,,野沢凡兆,Nozawa Bonchō,1640 - 1714,4. Shōmon,,,,,,
291,はなちるや伽藍の枢おとし行,,,野沢凡兆,Nozawa Bonchō,1640 - 1714,4. Shōmon,,,,,,
292,春の日に露を煎てや梅の花,,,野沢凡兆,Nozawa Bonchō,1640 - 1714,4. Shōmon,,,,,,
293,ひとつ松この所より浦の雪,,,野沢凡兆,Nozawa Bonchō,1640 - 1714,4. Shōmon,,,,,,
294,日の暑さ盥の底の蛾かな,,,野沢凡兆,Nozawa Bonchō,1640 - 1714,4. Shōmon,,,,,,
295,雲雀鳴下はかつらの河原哉,,,野沢凡兆,Nozawa Bonchō,1640 - 1714,4. Shōmon,,,,,,
296,蕗の葉をへだてゝ見るや這ほたる,,,野沢凡兆,Nozawa Bonchō,1640 - 1714,4. Shōmon,,,,,,
297,吹風の相手や空に月一つ,,,野沢凡兆,Nozawa Bonchō,1640 - 1714,4. Shōmon,,,,,,
298,富士の野や鹿臥とこのかたさがり,,,野沢凡兆,Nozawa Bonchō,1640 - 1714,4. Shōmon,,,,,,
299,古寺の簀子も青し冬がまゑ,,,野沢凡兆,Nozawa Bonchō,1640 - 1714,4. Shōmon,,,,,,
300,ほとゝぎす何もなき野ゝ門ン構,,,野沢凡兆,Nozawa Bonchō,1640 - 1714,4. Shōmon,,,,,,
301,骨柴のかられながらも木の芽かな,,,野沢凡兆,Nozawa Bonchō,1640 - 1714,4. Shōmon,,,,,,
302,まねきまねき拐の先の薄かな,,,野沢凡兆,Nozawa Bonchō,1640 - 1714,4. Shōmon,,,,,,
303,豆植る畑も木べ屋も名処哉,,,野沢凡兆,Nozawa Bonchō,1640 - 1714,4. Shōmon,,,,,,
304,水無月も鼻つきあはす数寄屋哉,,,野沢凡兆,Nozawa Bonchō,1640 - 1714,4. Shōmon,,,,,,
305,みやこ路や初夜に過たる杷狩　,,,野沢凡兆,Nozawa Bonchō,1640 - 1714,4. Shōmon,,,,,,
306,み吉野の花のきれ間やわかのうら,,,野沢凡兆,Nozawa Bonchō,1640 - 1714,4. Shōmon,,,,,,
307,むら雲や今宵の月を乗て行,,,野沢凡兆,Nozawa Bonchō,1640 - 1714,4. Shōmon,,,,,,
308,名月に我すむ方や馬捨場,,,野沢凡兆,Nozawa Bonchō,1640 - 1714,4. Shōmon,,,,,,
309,百舌鳥なくや入日さし込女松原,,,野沢凡兆,Nozawa Bonchō,1640 - 1714,4. Shōmon,,,,,,
310,物の音ひとりたふるゝ案山子哉,,,野沢凡兆,Nozawa Bonchō,1640 - 1714,4. Shōmon,,,,,,
311,三葉ちりて跡はかれ木や桐の苗,,,野沢凡兆,Nozawa Bonchō,1640 - 1714,4. Shōmon,,,,,,
312,門前の小家もあそぶ冬至哉,,,野沢凡兆,Nozawa Bonchō,1640 - 1714,4. Shōmon,,,,,,
313,矢田の野や浦のなぐれに鳴千鳥,,,野沢凡兆,Nozawa Bonchō,1640 - 1714,4. Shōmon,,,,,,
314,柳読む六田や岩に舟つなぐ,,,野沢凡兆,Nozawa Bonchō,1640 - 1714,4. Shōmon,,,,,,
315,山霧や駕籠にうき寝の腹いたし,,,野沢凡兆,Nozawa Bonchō,1640 - 1714,4. Shōmon,,,,,,
316,山吹の莟も青し吉野川,,,野沢凡兆,Nozawa Bonchō,1640 - 1714,4. Shōmon,,,,,,
317,闇の夜や子共泣出す蛍ぶね,,,野沢凡兆,Nozawa Bonchō,1640 - 1714,4. Shōmon,,,,,,
318,雪ふるか燈うごく夜の宿,,,野沢凡兆,Nozawa Bonchō,1640 - 1714,4. Shōmon,,,,,,
319,世の中は鶺鴒の尾のひまもなし,,,野沢凡兆,Nozawa Bonchō,1640 - 1714,4. Shōmon,,,,,,
320,呼かへす鮒売見えぬあられ哉,,,野沢凡兆,Nozawa Bonchō,1640 - 1714,4. Shōmon,,,,,,
321,若草に口ばしぬぐふ烏かな,,,野沢凡兆,Nozawa Bonchō,1640 - 1714,4. Shōmon,,,,,,
322,鷲の巣の樟の枯枝に日は入ぬ,,,野沢凡兆,Nozawa Bonchō,1640 - 1714,4. Shōmon,,,,,,
323,私の見物や雪のみをつくし,,,野沢凡兆,Nozawa Bonchō,1640 - 1714,4. Shōmon,,,,,,
324,綿ふくや河内もみゆる男山,,,野沢凡兆,Nozawa Bonchō,1640 - 1714,4. Shōmon,,,,,,
325,渡り懸て藻の花のぞく流哉,,,野沢凡兆,Nozawa Bonchō,1640 - 1714,4. Shōmon,,,,,,
326,わびぬれば身は埓もなきもぞくかな,,,野沢凡兆,Nozawa Bonchō,1640 - 1714,4. Shōmon,,,,,,
327,軽口にまかせてなけよほととぎす 　　　（任口）,karuguchi ni  just adlib | makasete nakeyo your song| hototogisu  cuckoo |,• |• |• ,井原西鶴,Ihara Saikaku,1642-1693,4. Shōmon,,,,,,
328,何と世に桜も咲かず下戸ならば,nani to yo ni   if only in this world| sakura sakazu  the cherry trees did not bloom| geko naraba   and one was a teetotaler|,• |• |• ,井原西鶴,Ihara Saikaku,1642-1693,4. Shōmon,,,,,,
329,,araumi ya|sado ni yokotau|Amanogawa,"The rough sea—|Extending toward Sado Isle,|The Milky Way.",松尾芭蕉,Matsuo Bashō,1644 – 1694 ,4. Shōmon,,,,Ueda Matsuo Basho,,
330,甲比丹もくばはせけり君が春,kapitan mo|tsukuba hase keri|kimi ga haru,"  the Capatin also,|    came to bow to;|  our Lord's spring",松尾芭蕉,Matsuo Bashō,1644 – 1694 ,4. Shōmon,,,,,,
331,よく見ればなづな花咲く垣根哉,yoku mireba|nazuna hanasaku|kakine kana,,松尾芭蕉,Matsuo Bashō,1644 – 1694 ,4. Shōmon,,,,,"	Looking carefully,—|There is a shepherd's-purse|	Blooming under the hedge.|Blyth, Haiku vol. 4, 981",
332,,,,向井去来, Mukai Kyorai ,1651-1704,4. Shōmon,,,,,,
333,,,• |• |• ,向井去来,Mukai Kyorai ,1651-1704,4. Shōmon,,,,,,
334,,,,向井去来,Mukai Kyorai ,1651-1704,4. Shōmon,,,,,,
335,元日や家に譲りの太刀帯かん,ganjitsu ya ie ni yuzuri no tachi hakan,first day-|the sword past down in my family|I will wear|,向井去来,Mukai Kyorai ,1651-1704,4. Shōmon,,,,,,
336,花守や白き頭をつきあわせて,Hana mori ya   blossom guards-| Shiroki kashira wo  poking white heads together| Tsukiawasete   for a chat|,,向井去来,Mukai Kyorai ,1651-1704,4. Shōmon,,,,,,
337,さほひめやかくる柳の長かもじ　,,,向井去来,Mukai Kyorai ,1651-1704,4. Shōmon,,,,,,
338,鶯が引琴の緒や糸柳　,,,向井去来,Mukai Kyorai ,1651-1704,4. Shōmon,,,,,,
339,春雨にあらいてけづれ柳がみ　,,,向井去来,Mukai Kyorai ,1651-1704,4. Shōmon,,,,,,
340,もえながら有るや火鼠のかは柳,,,向井去来,Mukai Kyorai ,1651-1704,4. Shōmon,,,,,,
341,気力なしと誰かは見ましこぶ柳　,,,向井去来,Mukai Kyorai ,1651-1704,4. Shōmon,,,,,,
342,観音のちからや見するこぶ柳,,,向井去来,Mukai Kyorai ,1651-1704,4. Shōmon,,,,,,
343,元日や家に譲りの太刀帯（は）かん,,,向井去来,Mukai Kyorai ,1651-1704,4. Shōmon,,,,,,
344,鉢たたき来ぬ夜となれば朧なり,,,向井去来,Mukai Kyorai ,1651-1704,4. Shōmon,,,,,,
345,うごくとも見えで畑打つ男かな,,,向井去来,Mukai Kyorai ,1651-1704,4. Shōmon,,,,,,
346,花守や白き頭をつき合せ,,,向井去来,Mukai Kyorai ,1651-1704,4. Shōmon,,,,,,
347,何事ぞ花見る人の長刀,,,向井去来,Mukai Kyorai ,1651-1704,4. Shōmon,,,,,,
348,一昨日（おととひ）はあの山こえつ花ざかり,,,向井去来,Mukai Kyorai ,1651-1704,4. Shōmon,,,,,,
349,郭公（ほととぎす）なくや雲雀と十文字,,,向井去来,Mukai Kyorai ,1651-1704,4. Shōmon,,,,,,
350,うの花の絶間たゝかん闇の門,,,向井去来,Mukai Kyorai ,1651-1704,4. Shōmon,,,,,,
351,湖の水まさりけり五月雨,,,向井去来,Mukai Kyorai ,1651-1704,4. Shōmon,,,,,,
352,手のうへにかなしく消ゆる螢かな,,,向井去来,Mukai Kyorai ,1651-1704,4. Shōmon,,,,,,
353,螢火や吹きとばされて鳰のやみ,,,向井去来,Mukai Kyorai ,1651-1704,4. Shōmon,,,,,,
354,石も木も眼にひかる暑さかな,,,向井去来,Mukai Kyorai ,1651-1704,4. Shōmon,,,,,,
355,魂棚の奥なつかしや親の顔,,,向井去来,Mukai Kyorai ,1651-1704,4. Shōmon,,,,,,
356,いなづまやどの傾城とかり枕,,,向井去来,Mukai Kyorai ,1651-1704,4. Shōmon,,,,,,
357,稲妻のかきまぜて行くやみよかな,,,向井去来,Mukai Kyorai ,1651-1704,4. Shōmon,,,,,,
358,岩端や爰（ここ）にもひとり月の客,,,向井去来,Mukai Kyorai ,1651-1704,4. Shōmon,,,,,,
359,あき風やしら木の弓に弦はらん,,,向井去来,Mukai Kyorai ,1651-1704,4. Shōmon,,,,,,
360,雁がねの竿になる時尚さびし,,,向井去来,Mukai Kyorai ,1651-1704,4. Shōmon,,,,,,
361,故郷も今はかり寝や渡鳥,,,向井去来,Mukai Kyorai ,1651-1704,4. Shōmon,,,,,,
362,鳶の羽もかいつくろひぬ初しぐれ,,,向井去来,Mukai Kyorai ,1651-1704,4. Shōmon,,,,,,
363,いそがしや沖の時雨の眞帆片帆,,,向井去来,Mukai Kyorai ,1651-1704,4. Shōmon,,,,,,
364,こがらしの地にも落さぬしぐれかな,,,向井去来,Mukai Kyorai ,1651-1704,4. Shōmon,,,,,,
365,鴨啼くや弓矢を捨てて十余年,,,向井去来,Mukai Kyorai ,1651-1704,4. Shōmon,,,,,,
366,荒磯やはしり馴れたる友千鳥,,,向井去来,Mukai Kyorai ,1651-1704,4. Shōmon,,,,,,
367,応々といへどたゝくや雪の門,,,向井去来,Mukai Kyorai ,1651-1704,4. Shōmon,,,,,,
368,尾頭の心もとなき海鼠かな,,,向井去来,Mukai Kyorai ,1651-1704,4. Shōmon,,,,,,
369,浪うつてよせ来る勢子や花薄,• |• |• ,beating waves|the hunter boy press near|flowering pampas,服部嵐雪,Hattori Ransetsu ,1654-1707,4. Shōmon,,,,,,
370,,• |• |• ,hearth coal|placed; spirit good|New Year’s bells,服部嵐雪,Hattori Ransetsu ,1654-1707,4. Shōmon,,,,,,
371,,• |• |• ,trolling to |dark Ox Inland|moon viewing boat,服部嵐雪,Hattori Ransetsu ,1654-1707,4. Shōmon,,,,,,
372,• |• |• ,• |• |• ,light snow|falling also is tea ceremony|flower|,服部嵐雪,Hattori Ransetsu ,1654-1707,4. Shōmon,,,,,,
373,• |• |• ,• |• |• ,basket fire|threading through the reed gaps|cormorant boat:|,服部嵐雪,Hattori Ransetsu ,1654-1707,4. Shōmon,,,,,,
374,• |• |• ,• |• |• ,bright moon-|ant climbing along|a fence next door|,服部嵐雪,Hattori Ransetsu ,1654-1707,4. Shōmon,,,,,,
375,• |• |• ,• |• |• ,quietness-|not stirring the blossoms|the bell voice|,服部嵐雪,Hattori Ransetsu ,1654-1707,4. Shōmon,,,,,,
376,,• |• |• ,the sedge hat’s|shadow even warps|in the heat:|,服部嵐雪,Hattori Ransetsu ,1654-1707,4. Shōmon,,,,,,
377,,,dripping-|even |small|,服部嵐雪,Hattori Ransetsu ,1654-1707,4. Shōmon,,,,,,
378,,,withering wind-|seeing through to the |Jyomeiji Temple|,服部嵐雪,Hattori Ransetsu ,1654-1707,4. Shōmon,,,,,,
379,名月や煙這いゆく水のうへ,,,服部嵐雪,Hattori Ransetsu ,1654-1707,4. Shōmon,,,,,,
380,黄菊白菊其外の名はなくもがな,,,服部嵐雪,Hattori Ransetsu ,1654-1707,4. Shōmon,,,,,,
381,凩の吹きゆくうしろすがたかな,,,服部嵐雪,Hattori Ransetsu ,1654-1707,4. Shōmon,,,,,,
382,ふとん着て寐たる姿や東山,,,服部嵐雪,Hattori Ransetsu ,1654-1707,4. Shōmon,,,,,,
383,名月や煙這いゆく水のうへ,,,服部嵐雪,Hattori Ransetsu ,1654-1707,4. Shōmon,,,,,,
384,元日やはれて雀のものがたり,,,服部嵐雪,Hattori Ransetsu ,1654-1707,4. Shōmon,,,,,,
385,出替りや幼な心に物あはれ,,,服部嵐雪,Hattori Ransetsu ,1654-1707,4. Shōmon,,,,,,
386,うまず女の雛かしづくぞ哀れなる,,,服部嵐雪,Hattori Ransetsu ,1654-1707,4. Shōmon,,,,,,
387,竹の子や兒（ちご）の歯ぐきのうつくしき,,,服部嵐雪,Hattori Ransetsu ,1654-1707,4. Shōmon,,,,,,
388,角力とり並ぶや秋のから錦,,,服部嵐雪,Hattori Ransetsu ,1654-1707,4. Shōmon,,,,,,
389,真夜中やふりかはりたる天の川,,,服部嵐雪,Hattori Ransetsu ,1654-1707,4. Shōmon,,,,,,
390,名月や烟這ひゆく水のうへ,,,服部嵐雪,Hattori Ransetsu ,1654-1707,4. Shōmon,,,,,,
391,黄菊白菊その外はなくもがな,,,服部嵐雪,Hattori Ransetsu ,1654-1707,4. Shōmon,,,,,,
392,はぜ釣るや水村山廓酒旗の風,,,服部嵐雪,Hattori Ransetsu ,1654-1707,4. Shōmon,,,,,,
393,凩の吹きゆくうしろすがたかな,,,服部嵐雪,Hattori Ransetsu ,1654-1707,4. Shōmon,,,,,,
394,ふとん着て寐たる姿や東山,,,服部嵐雪,Hattori Ransetsu ,1654-1707,4. Shōmon,,,,,,
395,うめ一輪一りんほどのあたたかさ,,,服部嵐雪,Hattori Ransetsu ,1654-1707,4. Shōmon,,,,,,
396,布団着て寝たる姿や東山,futon kite   shape of a man |netaru sugata  ya  sleeping covered with a blanket—|higashiyama   Mt. East|,• |• |• ,服部嵐雪　,Hattori Ransetsu,1654-1707,4. Shōmon,,,,,,
397,うめ一輪一輪ほどのあたたかさ,ume ichirin   a blanch of plum| ichirin hodo no  one branch worth of| atatakasa   warmth|,• |• |• ,服部嵐雪　,Hattori Ransetsu,1654-1707,4. Shōmon,,,,,,
398,十団子も小粒になり秋の風,tōdango mo   the Tōdango dumplings too|kotsubu ni nari  have goten smaller|aki no kaze   autumn wind|,• |• |• ,森川許六|,Morikawa Kyoriku ,1656~1715 ,4. Shōmon,,,,,,
399,それも応これも応なり老の春,sore mo ō/ kore mo ō nari/ oi no haru,"  “yes” to this,|   “ Fine” to that question,|  old man's spring",岩田涼菟,Iwata Ryōto,1659  –  1717,,,,,,,
400,鐘ひとつ賣れぬ日はなし江戸の春 ,kane hitotsu |urenu hi wa nashi |Edo no haru ,"Springtime in Edo,|Not a day passes without|A temple bell sold.",宝井其角,1661～1707,1661-1707,4. Shōmon,,,Gogenshū,"ＮKBZ 近世俳句俳文集, p. 124","Springtime in Edo,|Not a day passes without|A temple bell sold.",
401,鴬の身をさかさまに初音かな,,,宝井其角,1661～1707,1661-1707,4. Shōmon,,,,,,
402,鷹の目の枯野にすわる嵐かな,taka no me no   |kareno ni suwaru|arashi kana,the falcon’s eyes|perched in the withered field |a storm,宝井其角,Takarai Kikaku,1661-1707,4. Shōmon,,,,,,
403,草の戸に我は蓼食う蛍かな,kusa no to ni   I’m a firefly|ware wa tada kuu  who chumps on nettles |hotaru kana   in a grass hut|,,宝井其角,Takarai Kikaku,1661-1707,4. Shōmon,,,,,,
404,声かれて猿の歯白し峰の月, koe karete   with wizen voice| saru no ha shiroshi  the monkey’s white teeth| mine no tsuki   moon of the peak|,,宝井其角,1661～1707,1661-1707,4. Shōmon,,,,,,
405,手を延べて折り行く春の草木かな,te wo nobete/ ori-yuku haru no/ kusaki kana,"  reach out,|    go along picking the grasses|  and boughs of spring",斯波 園女 ,Shiba Sonome ,1664–1726 ,,,,,,,
406,春雨や枕崩るるうたひ本,harusame ya   spring rains—| makura kuzururu  the pillow of song books| utaihon    collapses |,,各務支考,Kagami Shikō ,1665 - 1731,4. Shōmon,,,,,,
407,船頭の耳の遠さよ桃の花,,,各務支考,Kagami Shikō,1665 - 1731,4. Shōmon,,,,,,
408,馬の耳すぼめて寒し梨の花,,,各務支考,Kagami Shikō,1665 - 1731,4. Shōmon,,,,,,
409,食堂（じきだう）に雀啼くなり夕時雨,,,各務支考,Kagami Shikō,1665 - 1731,4. Shōmon,,,,,,
410,呵（しか）られて次の間へ出る寒さかな,,,各務支考,Kagami Shikō,1665 - 1731,4. Shōmon,,,,,,
411,歌書よりも軍書にかなし吉野山,,,各務支考,Kagami Shikō,1665 - 1731,4. Shōmon,,,,,,
412,折り釘に烏帽子かけたり春の宿,ori kugi ni/ eboshi kake tari/ haru no yado,  on a bent nail |    a court-cap hangs;|  a lodging in spring,与謝 蕪村 ,Yosa Buson ,1716 – 1784 ,,,,My English Sai,,,
413,指南車を胡地に引去る霞かな ,shinansha o |kochi ni hikisaru |kasumi kana ,,与謝 蕪村 ,Yosa Buson ,1716 – 1784 ,,,"霞 【かすみ】 kasumi, (spring) mist ",,etext.lib.virginia.edu,a guided coach|withdrawn into an old place--|this mistiness (UVA),
414,痩馬のあはれ機嫌や秋高し,• |• |• ,,川上不白,Kawakami Fuhaku,1719-1807,,,,,,,
415,花散るや耳ふつて馬のおとなしき,• |• |• ,,川上不白,Kawakami Fuhaku,1719-1807,,,,,,,
416, 蛤に雀の斑あり哀れかな,• |• |• ,,川上不白,Kawakami Fuhaku,1719-1807,,,,,,,
417,己が影を慕うて這へる,• |• |• ,,川上不白,Kawakami Fuhaku,1719-1807,,,,,,,
418,野を焼くやぽつん╲/雨到る,• |• |• ,,川上不白,Kawakami Fuhaku,1719-1807,,,,,,,
419,冬蜂の死にどころなく歩きけり,• |• |• ,,川上不白,Kawakami Fuhaku,1719-1807,,,,,,,
420,ゆさ╲/と大枝ゆるゝ桜かな,• |• |• ,,川上不白,Kawakami Fuhaku,1719-1807,,,,,,,
421,鷹のつらきびしく老いて哀れなり,• |• |• ,• |• |• ,川上不白,Kawakami Fuhaku,1719-1807,,,,,,,
422,今朝秋や見入る鏡に親の顔,• |• |• ,• |• |• ,川上不白,Kawakami Fuhaku,1719-1807,,,,,,,
423,獅子舞や花の下影濃きところ,• |• |• ,• |• |• ,川上不白,Kawakami Fuhaku,1719-1807,,,,,,,
424,夏草に這上りたる捨蚕かな,• |• |• ,• |• |• ,川上不白,Kawakami Fuhaku,1719-1807,,,,,,,
425,あら野行く我が影もなき暑さ哉,• |• |• ,crossing a withered moor|I have no shadow|in the heat:|,川上不白,Kawakami Fuhaku,1719-1807,,,,,,,
426,永き日や絵馬をみてゐる旅の人,nagaki│hi│ya│ema│wo│miteiru│tabi│no│hito,on a long day-|viewing the horse-pictures|the traveling man|,川上不白,Kawakami Fuhaku,1719-1807,,,,,,,
427,来て見れば霞の松に日暮れたり,kite mireba |kasumi no matsu ni |hi kuretari ,,加藤暁台,Kato Gyōdai,1732～1792,,,"霞 【かすみ】 kasumi, (spring) mist ",,etext.lib.virginia.edu,when I come to look:|the misty pine the sun|is setting in (UVA),
428,閑さを我が相手なり冬ごもり,shizukasa wo|waga aite nari|Fuyugomori,,定雅,Teiga,1755—1825,,,,,,"Making quietude|My only companion:|Winter seclusion.|Blyth, Haiku vol. 4 intro ",Included in a haiga
429,,,,成田蒼穹,,,,,,,,,
430,,,,成田蒼穹,,,,,,,,,
431,菜の花にくるりくるりと入る日哉,,,成田蒼穹,,,,,,,,,
432,時鳥啼くや夜汐のひたひたと,,,成田蒼穹,,,,,,,,,
433,すずしさや根笹に牛もとながれて,,,成田蒼穹,,,,,,,,,
434,江のひかり柱に来たりけさのあき,,,成田蒼穹,,,,,,,,,
435,我たつるけむりは人の秋の暮,,,成田蒼穹,,,,,,,,,
436,鈴鴨の虚空に消ゆる日和哉,,,成田蒼穹,,,,,,,,,
437,長閑さにおさへ歩行や膝の皿,nodokasa ni|osae ariku ya|hiza no sara,in the tranquil|bracing to walking  |kneecaps ,田川鳳朗,Tagawa Hōrō,1762 – 1845,Tsukinami,Spring,"長閑 【のどか】 nodoka, calm/tranquil/serene [of weather] (all spring).",鳳朗発句集,ＮKBZ 近世俳句俳文集,,
438,暮遅き加茂の川添下りけり,,,田川鳳朗,Tagawa Hōrō,1762 – 1845,Tsukinami,Spring,暮遅き,鳳朗発句集,ＮKBZ 近世俳句俳文集,,
439,うぐひすに踏まれてうくや竹江杓,,,田川鳳朗,Tagawa Hōrō,1762 – 1845,Tsukinami,Spring,"鶯 【うぐいす】 uguisu, bush warbler [Cettia diphone; sometimes translated as ""nightingale"" (Luscinia megarhynchos), since it is a small songbird and occupies a position in Japanese literature similar to that of the nightingale in European literature] (all spring).",鳳朗発句集,ＮKBZ 近世俳句俳文集,,
440,深山木の底に水澄む五月かな,,,田川鳳朗,Tagawa Hōrō,1762 – 1845,Tsukinami,summer,"皐月 【さつき】 satsuki, Fifth (lunar) Month [approximately June, Gregorian; note: in haikai, in compounds this prounciation is often given to 五月, referring to events that normally take place in June, as in 五月雨【さつきあめ】 satsukiame (= samidare), midsummer rain, while in others 五月【ごがつ】 gogatsu retains its modern pronunciation and meaning, May, Gregorian; see note on months] (mid summer).",鳳朗発句集,ＮKBZ 近世俳句俳文集,,
441,日の前の雲すわりけり花樗,,,田川鳳朗,Tagawa Hōrō,1762 – 1845,Tsukinami,summer,花樗,鳳朗発句集,ＮKBZ 近世俳句俳文集,,
442,きらきらと音に日のさす鳴子哉,,,田川鳳朗,Tagawa Hōrō,1762 – 1845,Tsukinami,Autumn,鳴子,鳳朗発句集,ＮKBZ 近世俳句俳文集,,
443,物しばし匂うて止みぬ枯野原,,,田川鳳朗,Tagawa Hōrō,1762 – 1845,Tsukinami,winter,"枯野 【かれの】 kareno, withered field (all winter).",鳳朗発句集,ＮKBZ 近世俳句俳文集,,
444,下駄の歯を蹴欠いて戻る師走かな,,,田川鳳朗,Tagawa Hōrō,1762 – 1845,Tsukinami,winter,師走,鳳朗発句集,ＮKBZ 近世俳句俳文集,,
445,元日や人の妻子の美しき,ganjitsu ya|hito no tsumako no|utsukushiki,New Year’s Day—|the neighborhood wives |looks so lovely ,桜井梅室,Sakurai Baishitsu,1769-1852 ,Tsukinami,New year,"元日 【がんじつ】 ganjitsu, （ぐわんじつ）, New Year's Day (New Year).",Baishitsu Personal Collection,ＮKBZ 近世俳句俳文集,,
446,寝勝手のよさに又見る柳かな,nekatte no|yoki ni mata miru |yanagi kana,"turning to get comfortable |for my nap, again I see |the willow:",桜井梅室,Sakurai Baishitsu,1769-1852 ,Tsukinami,Spring,"柳 【やなぎ】 yanagi, willow(s) / weeping willow(s) (late spring).",Baishitsu Personal Collection,ＮKBZ 近世俳句俳文集,,
447,けしの散る光ひまなし枕元,keshi no chiru|hikaru hima nashi|makura moto,,桜井梅室,Sakurai Baishitsu,1769-1852 ,Tsukinami,Summer,"芥子の花 【けしのはな】 keshi no hana, poppy/poppies",Baishitsu Personal Collection,ＮKBZ 近世俳句俳文集,,
448,桐の木や雨のながるる蝉の腹,kiri no ki ya|ame no ngaruru|semi no hara,paulownia tree—|the flowing rainwater |on the cicada's belly ,桜井梅室,Sakurai Baishitsu,1769-1852 ,Tsukinami,summer,"蝉 【せみ】 semi, cicada / locust (late summer).",Baishitsu Personal Collection,ＮKBZ 近世俳句俳文集,,
449,名月や草木に劣る人のかげ,,,桜井梅室,Sakurai Baishitsu,1769-1852 ,Tsukinami,Autumn,"名月 【めいげつ】 meigetsu, harvest moon [literally ""famous moon""; all these kigo refer to the full moon of the eighth lunar month, usually in September] (mid autumn).",Baishitsu Personal Collection,ＮKBZ 近世俳句俳文集,,
450,門ありて国分寺はなし草の花,,,桜井梅室,Sakurai Baishitsu,1769-1852 ,Tsukinami,Autumn,"草の花 【くさのはな】 kusa no hana, (autumn) wildflowers [note: ""grass flowers"" is not a good translation, as 草 includes forbs and herbs] (all autumn).",Baishitsu Personal Collection,ＮKBZ 近世俳句俳文集,,
451,糊の干ぬ行灯ともす寒さかな,,,桜井梅室,Sakurai Baishitsu,1769-1852 ,Tsukinami,winter,"寒さ 【さむさ】 samusa, coldness [of weather, air, and the like]",Baishitsu Personal Collection,ＮKBZ 近世俳句俳文集,,
452,ふゆの夜や針うしなうておそろしき,fuyu no yo ya|hari ushinaute|Osoroshiki,on a winter's night|how frightful it is|to drop a sewing needle,桜井梅室,Sakurai Baishitsu,1769-1852 ,Tsukinami,winter,ふゆの夜,Baishitsu Personal Collection,ＮKBZ 近世俳句俳文集,,
453,,,,,,,,,,,,,
454,,,,,,,,,,,,,
455,小酒屋の出現したり春の山,ko-zakeya no|shutsugen shitari|haru no yama,a small sake stall|has appeared on|the spring mountain ,小林一茶,Kobayashi Issa,1763 – 1827,,,,,,,
456,子らや子ら子等が手をとる躑躅かな ,,,良　寛 ,,,,,,,『増殖する俳句歳時記』,,
