Poem,Romaji,My translation,俳人,Poet,Dates,Season,Kigo,Original source ,Modern Source,Other translation,Notes,Maegaki,,,
北野どの御すきものや梅の花,"kitano-dono onsuki no mono ya ume no hana         ","What the Lord of Kitano
most enjoys
are plum blossoms.",詠み人知らず,Anonymous,1400,Spring,"梅 【うめ】 ume, plum blossoms",Hobbyhorse Collection of Mad Poems,,,,,,,
かめにさす柳のさけやつくりばな,"kame ni sasu
yanagi no sake ya
tsukuribana",,詠み人知らず,Anonymous,1400,Spring,"柳 【やなぎ】 yanagi, weeping willow",,,,,,,,
春雨にあらいてけづれ柳がみ,"harusame ni 
araite kezure
yanagi gami","Spring rain
washing, combing
the willow hair.",詠み人知らず,Anonymous,1633,Spring,"春雨 【はるさめ】 harusame, spring rain",Puppy Collection,,,,,,,
気力なしと誰かは見ましこぶ柳　,"kiryoku nashi to
dare kawa mimashi
kobu yanagi","No power—
who would see that in
a swelling willow?",詠み人知らず,Anonymous,1633,Spring,"柳 【やなぎ】 yanagi, weeping willow",Puppy Collection,,,,,,,
世にふるも更に時雨の宿りかな,"yo ni furu mo
sara ni shigure no
yadori kana",,宗祇,Sōgi,1448-1532,Spring,"春雨 【はるさめ】 harusame, spring rain",,,,,,,,
雪ながら山本かすむ夕べかな,"yuki nagara
yama moto kasumu 
yube kana",,宗祇,Sōgi,1448-1532,,,,,,,,,,
菫咲く野はいくすじの春の水,"sumire saku
no wa ikusuji no
haru no mizu",,宗長 ,Sōgi,1448-1532,Spring,,,,,,,,,
にがにがしいつ迄嵐ふきのたう,"niganigashi
itsu made arashi fuki no tō  
fuki no tō  ","till when will
the bitter winds blow 
butterbur pot",山崎宗鑑,Yamazaki Sōkan ,1464 –1552,,ふきのたう (butterbur),Utatushū (卯辰集),NKBZ　近世発句俳文集,,,,,,
手をついて歌申しあぐる蛙かな,"te wo tsuite 
uta mōshi aguru 
kawazu kana","with hands supplicated
reciting a song
a frog:",山崎宗鑑,Yamazaki Sōkan ,1464 –1552,Spring,"蛙 【かわず】 kawazu, frog",Arano (曠野),NKBZ　近世発句俳文集,,"his poem is also included in 『歴代滑稽伝』『温故集』『俳諧古選』『俳家奇人談』, but we can not be should that it is in fact Sokan’s poem.  However, it is considered to be on of his masterpieces.  Arano was published in 1689, the year that Bashō left on his journey to the deep north.  This collection was published with the idea of opposing Teimon haikai which had wildly broken all of the traditions of haikai, so this poem by the founder of haikai fit perfectly with the ideal of the editors.",,,,
すゞしさや水に柳のかげ法師,"suzushisa ya 
mizu ni yanagi no
kage-bōshi","how cool-
on the water, the willows’
silhouettes",山崎宗鑑,Yamazaki Sōkan ,1464 –1552,,"柳 【やなぎ】 yanagi, weeping willow",,NKBZ　近世発句俳文集,"Willow is a spring season word, but in this case coolness, a summer word, is the main season word, so this is considered to be a summer poem.",,,,,
うづきゝてねぶとに鳴けや郭公,"uzuki kite 
nebuto ni nake ya 
Hototogisu","the deutzia moon has come
sing in a loud voice 
hototogisu",山崎宗鑑,Yamazaki Sōkan ,1464 –1552,,,,NKBZ　近世発句俳文集,"acheing
carbuncle cry
hototogisu",,,,,
きえにけりこれぞまことの雪ぼとけ,,,山崎宗鑑,Yamazaki Sōkan ,1464 –1552,,,,,,,,,,
月にえをさしたらばよき団哉,"tsuki ni 
e wo sasitaraba yoki
utiwa kana","if this moon
had a handle 
a fine fan!",山崎宗鑑,Yamazaki Sōkan ,1464 –1552,,,,NKBZ　近世発句俳文集,,,,,,
風寒し破れ障子の神無月,"kaze samushi 
yabure shōji no 
kaminazuki","cold wind
ripped shoji screen
godless month",山崎宗鑑,Yamazaki Sōkan ,1464 –1552,,,,,,,,,,
満丸に出でてもながき春日かな,"manmaru ni 
idetemo nagaki
haru-bi kana","thou rising roundly
the sun elongates 
on long spring days:",山崎宗鑑,Yamazaki Sōkan ,1464 –1552,,,,,,,,,,
さむくともひになあたりそ雪仏,"samuku tomo
hi ni na atari so
yuki hotoke","even if you’re cold
don’t warm yourself by the fire
snowman",山崎宗鑑,Yamazaki Sōkan ,1464 –1552,,,,NKBZ　近世発句俳文集,,,,,,
飛梅やかろがろしくも神の春,"tobi ume ya  
karogaroshiku mo  
kami no haru ","Flying plum—
lightly, lightly,
the god’s spring.",荒木田 守武,Arakida Moritake,1473 –1549 ,Spring,"梅 【うめ】 ume, plum blossoms",,NKBZ　近世発句俳文集,flying plum and spring (spring),,,,,
元朝や神代のことも思はるゝ,"ganchō ya
kamiyo no koto mo
Omowaruru","New year's morning—
the age of the gods
are in my thoughts",荒木田 守武,Arakida Moritake,1473 –1549 ,,,,NKBZ　近世発句俳文集,cold plum (winter),,,,,
青柳まゆかくきしのひたひかな,"aoyanagi
mayukakukishi no
hitai kana","emerald willow
the bank is the forehead
on which eyebrows are drawn ",荒木田 守武,Arakida Moritake,1473 –1549 ,Spring,"柳 【やなぎ】 yanagi, weeping willow",,NKBZ　近世発句俳文集,,,,,,
落花枝にかへると見れば胡蝶哉,"rakuka eda ni
kaeru to mireba
kochō kana","falling blossoms 
appear to return to the boughs
butterflies  ",荒木田 守武,Arakida Moritake,1473 –1549 ,,,,NKBZ　近世発句俳文集,,,,,,
夏の夜は明くれどあかぬまぶた哉,"natsu no yo ha
akuredo akanu
mabuta kana","summer nights
dawn but eyelids
can't open",荒木田 守武,Arakida Moritake,1473 –1549 ,,,,NKBZ　近世発句俳文集,,,,,,
かささぎや今日久かたの雨の川,"kasasagi ya
kyō hisakata no
ama no kawa",,荒木田 守武,Arakida Moritake,1473 –1549 ,,,,俳句の歴史,,,,,,
花よりも鼻ありけるにほひかな,,,荒木田 守武,Arakida Moritake,1473 –1549 ,,,,俳句の歴史,,,,,,
春立つやにほんめでたき門の松,"haru tatsu ya
nihon medetaki
kado no matsu","twin pines stand auspiciously
as Japan celebrates
the dawning of spring ",斎藤 徳元,Saito Tokugen,1559-1647,Spring,"春立つ 【はるたつ】 haru tatsu, spring begins",Puppy Collection,ＮKBZ 近世俳句俳文集,,,,,,
足もとのよきをぞとらんよめが萩,"ashi moto no
yoki wo zo toran
yome ha hagi","you oughta pick 
supple limbed bride clover
right underfoot",斎藤 徳元,Saito Tokugen,1559-1647,New Year,bride clover,Mountain Well,ＮKBZ 近世俳句俳文集,,,,,,
しし舞もせよやぼたんの花見酒,"shishi mai mo
se you ya botan no
hanami-zake","dance that lion 
dance— among peony blossoms
sipping blossom-viewing sake ",斎藤 徳元,Saito Tokugen,1559-1647,Summer,"牡丹 【ぼたん】 botan, tree peony (early summer).",Puppy Collection,ＮKBZ 近世俳句俳文集,,,,,,
あきなひか空ねも高き杜宇,"akinai ka
sora ne mo takaki
hototogisu ","that’s business, I guess 
inflating the asking price
the cuckoo

will I ever tire
of your sharp call high in the sky
cuckoo",斎藤 徳元,Saito Tokugen,1559-1647,Summer,"子規 【ほととぎす】 hototogisu, little cuckoo",Puppy Collection,ＮKBZ 近世俳句俳文集,,,,,,
身にしむや香炉の煙秋の風,"mi ni shimu ya
karō no kemuri
aki no kaze","piercing into me— 
smoke from the incense burner blown 
by the autumn wind",斎藤 徳元,Saito Tokugen,1559-1647,Autumn ,"秋風 【あきかぜ】 akikaze, autumn breeze / autumn wind.",Puppy Collection,ＮKBZ 近世俳句俳文集,,,,,,
一はつの 花や夏野の きのうけふ,"ichi hatsu no
hana ya natsuno no
kinō kyō",,斎藤 徳元,Saito Tokugen,1559-1647,,,,ＮKBZ 近世俳句俳文集,,,,,,
鮎膾藍より青き蓼酢かな,"ayu namasu
ai yori aoki 
tade zu kana ","sweet fish salad
bluer than indigo
nettle vinegar ",斎藤 徳元,Saito Tokugen,1559-1647,,,,俳句大観,,,,,,
今まではいきたはごとを月夜かな,,,斎藤 徳元,Saito Tokugen,1559-1647,,,,俳句大観,,,,,,
唐人も渡るや霜の日本橋,,,斎藤 徳元,Saito Tokugen,1559-1647,,,,俳句大観,,,,,,
口切に時雨を知らぬ青茶かな,,,斎藤 徳元,Saito Tokugen,1559-1647,,,,俳句大観,,,,,,
煙にもすすけず白し富士の雪,,,斎藤 徳元,Saito Tokugen,1559-1647,,,,俳句大観,,,,,,
五月雨の晴れて犬なく日和かな,,,斎藤 徳元,Saito Tokugen,1559-1647,,,,俳句大観,,,,,,
諸行無常聞くや林鐘の声,,,斎藤 徳元,Saito Tokugen,1559-1647,,,,俳句大観,,,,,,
たぎりてや湯玉たばしる霰釜,,,斎藤 徳元,Saito Tokugen,1559-1647,,,,俳句大観,,,,,,
人魂か魂祭る野に飛ぶ蛍,,,斎藤 徳元,Saito Tokugen,1559-1647,,,,俳句大観,,,,,,
武蔵野の雪ころばしか富士の山,,,斎藤 徳元,Saito Tokugen,1559-1647,,,,俳句大観,,,,,,
槍梅の散らしかかるこだちかな,,,斎藤 徳元,Saito Tokugen,1559-1647,,,,俳句大観,,,,,,
霞さへまだらにたつやとらの年,"kasumi sae
madara ni tatsu ya
tora no toshi","even the mist
is decked in stripes
year of the tiger ",松永貞徳,Matsunaga Teitoku,1571-1654,Spring,"霞 【かすみ】 kasumi, mist ",Puppy Collection,ＮKBZ 近世俳句俳文集,,,,,,
鳳凰も出でよのどけきとりの年,"hōō mo ide 
nodokeki 
tori no toshi","may even phoenixes
come out this calm
year of the bird",松永貞徳,Matsunaga Teitoku,1571-1654,New year,"【のどけし】 nodokeshi, tranquil",Puppy Collection,ＮKBZ 近世俳句俳文集,,,,,,
花よりも団子やありて帰る雁,"hana yori mo
dango ya arite
kaeru kari","It is said, dumplings
are better than blossoms-
returning geese.",松永貞徳,Matsunaga Teitoku,1571-1654,Spring,帰る雁,Puppy Collection,ＮKBZ 近世俳句俳文集,帰る雁 (Returning geese) spring,,,,,
けさたるるつららやよだれうしの年,"kesa taruru
tsurara ya yodare
ushi no toshi","• 
• 
• ",松永貞徳,Matsunaga Teitoku,1571-1654,,,,,,,,,,
紅梅やかの銀公がからごろも,"kōbai ya 
kano ginkō no 
Karakoromo","crimson plum—
renowned Empress Ginko’s
Chinese robe",松永貞徳,Matsunaga Teitoku,1571-1654,Spring,紅梅,Crimson Plum Thousand Verses,Haiku Taikan ,,,,,,
烏には似ぬうの花ぞ鷺の色,"karasu niwa
ninu unohana zo
sagi no iro","resembling a crow
not in the least, the cormorant flower
color of egret",松永貞徳,Matsunaga Teitoku,1571-1654,Summer,"卯の花 【うのはな】 u-no-hana, deutzia flowers [Deutzia crenata] (early summer).",Puppy Collection,,,,,,,
比翼かやはねをならべて帰雁,"hiyoku kaya
hane wo narabete
kaeru kari","be as two birds! 
flying wingtip to wingtip
returning geese",松永貞徳,Matsunaga Teitoku,1571-1654,,帰る雁,Puppy Collection,SNKBT 初期俳諧集,帰る雁 (Returning geese) spring,,,,,
松ならび穴へ餅ひき子のひ哉,,,松永貞徳,Matsunaga Teitoku,1571-1654,,,,SNKBT 初期俳諧集,,,,,,
正月の礼者とながむいぬの年,,,松永貞徳,Matsunaga Teitoku,1571-1654,,,,,,,,,,
野寺あれて跡にやはゆる仏の座,,,松永貞徳,Matsunaga Teitoku,1571-1654,,,,,,,,,,
かははがれからきめやみる山椒の木,,,松永貞徳,Matsunaga Teitoku,1571-1654,,,,,,,,,,
信あれば是も飛梅の奇特かな,,,松永貞徳,Matsunaga Teitoku,1571-1654,,,,,,,,,,
ねふらせて養ひ立よ花の雨,,,松永貞徳,Matsunaga Teitoku,1571-1654,,,,,,,,,,
つくつくし売るやはかまの町くだり,,,松永貞徳,Matsunaga Teitoku,1571-1654,,,,,,,,,,
暑き夜の星はあせぼかあまの原,,,松永貞徳,Matsunaga Teitoku,1571-1654,,,,,,,,,,
正月にうちしは夢か玉まつり,,,松永貞徳,Matsunaga Teitoku,1571-1654,,,,,,,,,,
つづりさせとちちち鳴くやきれぎれす,,,松永貞徳,Matsunaga Teitoku,1571-1654,,,,,,,,,,
おもしろくはらはら落る木葉哉,,,松永貞徳,Matsunaga Teitoku,1571-1654,,,,,,,,,,
門前に市も立花の盛哉,"kado mae ni
ichi mo tachibana no
sakari kana","a throng of mandarin viewers
gather before my gate 
like a bazaar ",松永貞徳,Matsunaga Teitoku,1571-1654,summer,Tachibana,Puppy Collection,ＮKBZ 近世俳句俳文集,,based on saying; pun on tachi,,,,
七夕のなかうどなれや宵の月,"tanabata no
nakaudo nare ya
yoi no tsuki","be the matchmaker 
for the star festival—
evening moon",松永貞徳,Matsunaga Teitoku,1571-1654,Autumn,"七夕 【たなばた】 tanabata, Festival of the Weaver",Puppy Collection,Haiku Taikan ,,,,,,
皆人のひるねのたねや秋のつき,"mina hito no
hirune no tane ya
aki no tsuki","the seed of 
everyone's naps—
autumn moon ",松永貞徳,Matsunaga Teitoku,1571-1654,Autumn,"月 【つき】 tsuki, moon ",Puppy Collection,Haiku Taikan ,,,,,,
かへり点の文字か跡先帰雁,"kaeriten no
moji ka ato saki
kaerikari","diacritical marked
letters? Switching order
returning geese",松永貞徳,Matsunaga Teitoku,1571-1654,,帰る雁 (Returning geese) spring,Enokoshū犬子集 (Puppy Collection) #305,ＮKBZ 近世俳句俳文集,,,,,,
 酒や時雨のめば紅葉ぬ人もなし,"sake ya shigure 
nomeba momijinu
hito mo nashi","wine & winter drizzle
drink it up and everyone's face  
reddens like maple leaves",松永貞徳,Matsunaga Teitoku,1571-1654,Autumn,"紅葉 【もみじ】 momiji,  red (maple) leaves ",Enokoshū犬子集 (Puppy Collection),ＮKBZ 近世俳句俳文集,,,,,,
在次第うす雪きやせ今日の春,"ari shidai
usu yuki kiyase
kyō no haru","melt every last bit
of the dappled snow
this day of spring",松永貞徳,Matsunaga Teitoku,1571-1654,Spring,"春【はる】haru, Spring",Kunlun Mountain Collection,Haiku Taikan ,,daiusu means Christian. Poem about Christian upraising.,,,,
ありたつたひとりたつたる今年かな,"ari tattta  
hitori tattaru  
kotoshi kana ","Oh! He stood!
He is standing by himself!
This New Year",松永貞徳,Matsunaga Teitoku,1571-1654,Spring,"春立つ 【はるたつ】 haru tatsu, spring begins",Puppy Collection,Haiku Taikan ,,,,,,
 歌いづれ小町躍や伊勢躍,"uta izure			
komachi odori ya		
ise odori","which has the better songs?
the Komachi dance-
or the Ise dance",松永貞徳,Matsunaga Teitoku,1571-1654,Autumn,"踊 【おどり】 odori, (Bon Festival) dance",Puppy Collection,Haiku Taikan ,,,,,,
大服や城を粉になす茶磨山,"ōfuku ya
shiro wo ko ni nasu
chausuyama","auspicious New Year’s tea—
the castle is ground to powder
from Mt. Tea Mortar ",松永貞徳,Matsunaga Teitoku,1571-1654,Spring,大服,New Year's 3 poem set,Haiku Taikan ,,marks the end of the Osaka campain. Earlest known saitan mitsumono,,,,
しほるるは何かあんずの花の色,"shioruru wa
nanka annzu no 
hana no iro","withering
with worry, the hue 
of apricot blossoms",松永貞徳,Matsunaga Teitoku,1571-1654,Spring,"杏の花 【あんずのはな】 anzu no hana, apricot blossoms ",Puppy Collection,Haiku Taikan ,,anzu ouns apricot and worry,,,,
すそ野暑く頭寒足熱富士の雪,"suso no atsuku
zukan sokunetsu
fuji no yuki","these foothills are so hot
cool the head and heat the feet
Mt. Fuji",松永貞徳,Matsunaga Teitoku,1571-1654,Summer,"暑し 【あつし】 atsushi, hot",Kunlun Mountain Collection,Haiku Taikan ,,zukan-sokunetsu is a saying,,,,
雪月花一度に見する卯木かな,"setsu-getsu-ka
ichido ni misuru
utsuki kana","snow, moon, and blossoms
viewed all at once
in deutzia flowers",松永貞徳,Matsunaga Teitoku,1571-1654,Summer,"卯木の花 【うつぎのはな】 utsugi-no-hana, deutzia flowers",Kunlun Mountain Collection,Haiku Taikan ,,"卯 is a blssom. Utsuki mean moon, and u is white like snow",,,,
つみ綿かぬり桶なりの庭の雪,"tsumi wata ka
nuri oke nari no
niwa no yuki","is it pulled cotton?
a lacquered bucket covered with snow
in the garden ",松永貞徳,Matsunaga Teitoku,1571-1654,Winter,"雪 【ゆき】 yuki, snow ",Eternal Rcord of Teitoku,Haiku Taikan ,,"Composed for the Kanei 6 haikai meeting at Myomanji. The host was Saimu, who was a cotton ",,,,
てん長くち人誉むるや秋の月,"ten nagaku
chihito homuru ya
aki no tsuki","heavenly marked and
celebrated by the multitudes—
moon of autumn  ",松永貞徳,Matsunaga Teitoku,1571-1654,Autumn,"秋の月 【あきのつき】 aki no tsuki, autumn moon",Jeweled Sea Collection,Haiku Taikan ,,"tennaga 1. 天長eternal, 2. His students will long mark poems, 3. High praise
chihito 1. Many people, 2. 天地人 
",,,,
ねぶらせて養ひたてよ花のあめ,"neburasete
yashinai-tate yo
hana no ame","raise them up
by letting them lick
the candy rain of spring",松永貞徳,Matsunaga Teitoku,1571-1654,Spring,"花 【はな】 hana, (cherry) blossoms",Puppy Collection,Haiku Taikan ,,"pun: ame-rain and candy
maegaki: poem celebrating birth of child",,,,
 春たつは衣の棚の霞かな ,"haru tatsu wa			
koromo no tana no
kasumi kana	","spring begins
in the Robe Bureau district 
with bolts cut from mist",松永貞徳,Matsunaga Teitoku,1571-1654,Spring,"春立つ 【はるたつ】 haru tatsu, spring begins",Jeweled Sea Collection,Haiku Taikan ,,pun: tatsu-stand/start and to cut,,,,
冬龍虫けらまでもあなかしこ,"• 
• 
• ","• 
• 
• ",松永貞徳,Matsunaga Teitoku,1571-1654,,,,Haiku Taikan ,,,,,,
ゆき尽くす江南の春の光かな,"• 
• 
• ","• 
• 
• ",松永貞徳,Matsunaga Teitoku,1571-1654,,,,Haiku Taikan ,,,,,,
くくり目を見つつ夜長き枕かな,"• 
• 
• ","• 
• 
• ",松永貞徳,Matsunaga Teitoku,1571-1654,,,,,,,,,,
けさたるるつららやよだれうしの年,"• 
• 
• ","• 
• 
• ",松永貞徳,Matsunaga Teitoku,1571-1654,,,,SNKBT 初期俳諧集,,,,,,
梅も先にほひてくるや午の年,"ume mo saki 
nioite kuru ya 
ushi no toshi","The scent of plum
comes first carried by
the Year of the Ox",松永貞徳,Matsunaga Teitoku,1571-1654,,,,SNKBT 初期俳諧集,,,,,,
もえながら有るや火鼠のかは柳,,"While burning
the fire rat skin
river willow.",松永貞徳,Matsunaga Teitoku,1571-1654,,,Mt. Kozan Collection,,,,,,,
玉札の飛脚か急ぎ帰雁,"tamazusa no
hikyaku ka isogi
kaeru kari",,松永貞徳,Matsunaga Teitoku,1571-1654,,,Enokoshū犬子集 (Puppy Collection) #304,,,,,,,
山の腰にはく夕だちや雲の帯,"yama no koshi ni
haku yudachi ya
kumo no obi","from mountain hips
hangs an evening storm blade—
belt of clouds",松永貞徳,Matsunaga Teitoku,1571-1654,,,,俳句の歴史,,,,,,
先かづく頭はかみなづきんかな,"mazu ka zuku
kashira wa kamina
zukin kana","first must wear 
on a baldhead in godless month
a hood",松永貞徳,Matsunaga Teitoku,1571-1654,,"Godless month, hood (winter)",Enokoshū犬子集 (Puppy Collection) #1328,SNKBT 初期俳諧集,,,,,,
しも月のあるに付てやかみな月,"shimo tsuki no
aru ni tsukite ya
kaminatsuki","the frost month
is below and so above
is the godless month",松永貞徳,Matsunaga Teitoku,1571-1654,,"Godless month, hood (winter)",Enokoshū犬子集 (Puppy Collection) #1329,SNKBT 初期俳諧集,,,,,,
春と夏と秋とけふとの四ぐれかな,"haru to natsu to
aki to kyō to no
shigure kana","spring & summer &
autumn & today’s
makes “four kures”",松永貞徳,Matsunaga Teitoku,1571-1654,winter,"時雨 【しぐれ】 shigure, (winter) shower/drizzle (early winter)",Enokoshū犬子集 (Puppy Collection) #1335,SNKBT 初期俳諧集,,,,,,
足はやき雲や時雨の先ばしり,"ashihayaki
kumo ya shigure no
Sakibashiri","the quick-footed
cloud—winter shower's 
forerunner ",松永貞徳,Matsunaga Teitoku,1571-1654,winter,"時雨 【しぐれ】 shigure, (winter) shower/drizzle (early winter)",Enokoshū犬子集 (Puppy Collection) #1336,SNKBT 初期俳諧集,,,,,,
きつくふるをやいたやとゆふ時雨,"Hard falling sound
on the roof boards, “it hurts!”
says the winter shower","kutsuku furu
oto ya itaya to
yuu shigure",松永貞徳,Matsunaga Teitoku,1571-1654,winter,"時雨 【しぐれ】 shigure, (winter) shower/drizzle (early winter)",Enokoshū犬子集 (Puppy Collection) #1337,SNKBT 初期俳諧集,,,,,,
山姥が尿やしぐれの山めぐり,"the mt. Hag
goes around the mt.
Pissing a winter shower","yamauba ga
bari ya shigure no
Yamamuguri",松永貞徳,Matsunaga Teitoku,1571-1654,winter,"時雨 【しぐれ】 shigure, (winter) shower/drizzle (early winter)",Enokoshū犬子集 (Puppy Collection) #1338,SNKBT 初期俳諧集,,"前書：渋谷紀州興行に
渋谷以重 Shibuya Ijū – noh actor
play on the play Yamauba
冬は萌冴え行く時雨の雲の
Konzanshu- 山姥やしとをしぐれの山めぐり",,,,
時宗寺の時雨の亭や雨やどり,"＠ the winter rain pavilion 
@ Jishū Temple
waiting for the rain to stop","Jishūdera no
shigure no chin ya
Ameyadori",松永貞徳,Matsunaga Teitoku,1571-1654,winter,"時雨 【しぐれ】 shigure, (winter) shower/drizzle (early winter)",Enokoshū犬子集 (Puppy Collection) #1339,SNKBT 初期俳諧集,,前書：六条道場にて,,,,
さざれ言もいははふとての試筆哉,,,石田未得,Ishida Mitoku,1587 - 1669,,,,ＮKBZ 近世俳句俳文集,,,,,,
風ならで誰かあぐべき柳髪,,,石田未得,Ishida Mitoku,1587 - 1669,,,,ＮKBZ 近世俳句俳文集,,,,,,
天は沖地は磯なれや霧の海,,,石田未得,Ishida Mitoku,1587 - 1669,,,,ＮKBZ 近世俳句俳文集,,,,,,
ながめしは野菊のくきのはじめ哉,,,石田未得,Ishida Mitoku,1587 - 1669,,,,ＮKBZ 近世俳句俳文集,,,,,,
乗うつる人玉ならし蓮の露(「犬子(えのこ)集,,,石田未得,Ishida Mitoku,1587 - 1669,,,Enokoshū犬子集 (Puppy Collection) ,web,,,,,,
千金をのべたか春の月の弓,"senkin wo
nobetaka haru no
tsuki no yuki",,片桐良保,,,,,,,,,,,,
水なしが花の波たつ夕あらし,"mizu nashi ga
hana no nami tatsu 
yū arashi",,片桐良保,,,,,,,,,,,,
定家にて向けむ花やはつか草,"sadaie ni
te-mukemu hana ya
Hatsuka-gusa",,片桐良保,,,,,,,,,,,,
水けぶる下にてたくやもみぢ鮒,"mizu keburu
shita nite taku ya
Momiji-buna",,片桐良保,,,,,,,,,,,,
ほこ長し天が下照る姫はじめ,,,杉木望一,Sugiki Moichi,1586－1643,,,,ＮKBZ 近世俳句俳文集,,,,,,
雨に声鬼一口か郭公,"ame ni koe 
oni hitokuchi ka
hototogisu",,杉木望一,Sugiki Moichi,1586－1643,,,望一千句,,,,,,,
花に来ぬ人笑ふらし春の山,,,杉木望一,Sugiki Moichi,1586－1643,,,,ＮKBZ 近世俳句俳文集,,,,,,
風をさへまねき出したる扇哉,,,杉木望一,Sugiki Moichi,1586－1643,,,,ＮKBZ 近世俳句俳文集,,,,,,
松笠や花笠となす今朝の雪,,,杉木望一,Sugiki Moichi,1586－1643,,,,ＮKBZ 近世俳句俳文集,,,,,,
雨の親やそだつる花の子を大じ,"ame no oya ya
sodatsuru hana no 
ko wo daiji",,荻田安静,Ogita Ansei,生年不詳 －1669 ,,,,ＮKBZ 近世俳句俳文集,,,,,,
引きかへて蛇を人やのむ菖蒲ざけ,,,荻田安静,Ogita Ansei,生年不詳 －1669 ,,,,ＮKBZ 近世俳句俳文集,,,,,,
おぼえぬや手の舞ひ足の文月よ,,,荻田安静,Ogita Ansei,生年不詳 －1669 ,,,,ＮKBZ 近世俳句俳文集,,,,,,
あぢはひはからや高麗きくの酒,,,荻田安静,Ogita Ansei,生年不詳 －1669 ,,,,ＮKBZ 近世俳句俳文集,,,,,,
春ながの年の頭や福禄寿,"haru-naga no
toshi no kashira ya
fukurokuju","spring days are long
head of the year—
God of Wealth, Happiness, Longevity",鶏冠井令徳 ,Kaedei Ryōtoku ,1589-1679,,"春なが (spring days are long), 日永 【ひなが】 hinaga, day(s) lengthening (all spring).",Hawk of Tsukuba Collection,ＮKBZ 近世俳句俳文集,,,,,,
ね入ばなの園や萌黄の蚊やの内,"neiribana no
sono ya moegi no
kaya no uchi","drifting off, sleep blossoms 
orchard—inside a vernal green
mosquito net  ",鶏冠井令徳 ,Kaedei Ryōtoku ,1589-1679,,"蚊や (), 蚊帳 【かや】 kaya, mosquito net (all summer).",Hawk of Tsukuba Collection,ＮKBZ 近世俳句俳文集,,,,,,
花に蝶のまふは神楽ぞいせ桜,"hana no chō no 
mau ha kagura zo 
ise-zakura","butterflies dance
the Kagura among the blossoms
here on Ise Hill",鶏冠井令徳 ,Kaedei Ryōtoku ,1589-1679,,,,,,,,,,
稲妻の面影見てやよばひ星,"inazuma no
omokage mite ya
Yobaiboshi","to view his wife's
vestige 
the star wanders  ",鶏冠井令徳 ,Kaedei Ryōtoku ,1589-1679,,,Puppy Collection,ＮKBZ 近世俳句俳文集,,,,,,
馬合羽雪打ちはらふ袖もなし,"umagappa 
yuki ichi harau
sode mo nashi","my riding jacket 
hasn't even sleeves
to brush the snow off of ",鶏冠井令徳 ,Kaedei Ryōtoku ,1589-1679,,,Haikai Geneology,ＮKBZ 近世俳句俳文集,,,,,,
帰らずば都の人やうれしかり,"kaerazuba
miyako no hito zo
ureshi-kari",,鶏冠井令徳 ,Kaedei Ryōtoku ,1589-1679,,,Mt. Kozan Collection,俳句大観,,,,,,
柴にまた餅花咲くや二度の春,"shiba ni mata
mochibana saku ya
nido no haru",,鶏冠井令徳 ,Kaedei Ryōtoku ,1589-1679,,,Mt. Kozan Collection,,,,,,,
花にあふぞ浮木の亀の一万句,"hana ni asobu
fuboku no kame no
ichimanku",,鶏冠井令徳 ,Kaedei Ryōtoku ,1589-1679,,,Mt. Kozan Collection,,,,,,,
福の神を今日乗せ来るや午の年,"fuku no kami 
wo kyō nose-kuru ya
uma no toshi",,鶏冠井令徳 ,Kaedei Ryōtoku ,1589-1679,,,Puppy Collection,,,,,,,
春永といふやことばのかざり縄,"harunaga to  
ufu ya kotoba no
kazari nawa","draping the verbal garland  
of “the abiding spring”
like a sacred straw hawser",野々口立圃,Nonoguchi Ryūho ,1595-1669,New Years,abiding spring,Puppy Collection,ＮKBZ 近世俳句俳文集,,,,,,
餅花をけふや宰府の神のぬさ,"ten mo hana ni
weeru ka kumo no
midareashi","dumpling blossoms
will be, today, here in Dazai
my Shinto wand",野々口立圃,Nonoguchi Ryūho ,1595-1669,New Years,dumpling blossoms,延宝２年井筒屋歳旦集,ＮKBZ 近世俳句俳文集,,References Hyakunin ishu 24 by Sugawara no Michizane. 餅花 is a decoration/toy made with mochi on a stick that looks like a willow.,筑前の宰府にて,"This time around
I couldn’t even bring the sacred streamers
—Offering Hill—
but if this brocade of leaves
is to the gods’ liking….","Kono tabi wa
Nusa mo toriaezu
Tamukeyama
Momiji no nishiki
Kami no mani mani","このたびは 
幣もとりあへず 
手向山 
紅葉のにしき 
神のまにまに "
かをり来て目に酢ぞたまる梅の花,"kaori kite
me ni su zo tamaru
ume no hana","the scent wafts over
and its sour tang irritates my eyes
plum blossoms  ",野々口立圃,Nonoguchi Ryūho ,1595-1669,Spring,"梅 【うめ】 ume, （sometimes むめ mume）, plum (blossoms) [technically, the ""Japanese apricot"", Prunus mume; but this has almost always been translated ""plum"" for literary purposes] (early spring).",Blind Casting of Stones,ＮKBZ 近世俳句俳文集,,Based on a a Wakan roei shu poem by Michizane,,,,
松風の琴の唱歌や蝉のこゑ,"matsukaze no
koto no shōga ya
semi no koe","pining wind’s
harp notes accompanied by
the cry of cicadas ",野々口立圃,Nonoguchi Ryūho ,1595-1669,Summer,cicadas,Blind Casting of Stones,ＮKBZ 近世俳句俳文集,,,,,,
霧の海の底なる月はくらげ哉,"kiri no umi no
sokonaru tsuki wa
kurage naka","at the bottom
of an ocean of fog, the moon, darkly 
like a jellyfish ",野々口立圃,Nonoguchi Ryūho ,1595-1669,Autumn,Moon,Puppy Collection,ＮKBZ 近世俳句俳文集,,くらげ is a soft pun on darkly,,,,
あらはれて見えよ芭蕉の雪女,"arawarete
mieyo bashō no
Yukionna","appear and
show yourself banana
snow woman ",野々口立圃,Nonoguchi Ryūho ,1595-1669,Winter,snow woman,Blind Casting of Stones,俳句大観,,"Banana woman from the Noh play Basho mixed with Yukionna. Saying Banana in the snow, something that should not exist.",,,,
絵に似たる顔やヘマムシ夜半の月,"e ni nitaru
kao ya hemamushi
yowa no tsuki","like a portrait  
of a hemamushi face—
midnight moon",野々口立圃,Nonoguchi Ryūho ,1595-1669,Autumn,Moon,Blind Casting of Stones,俳句大観,,https://www.library.metro.tokyo.jp/collection/features/digital_showcase/057/10/index.html  ヘマムシ入道昔話　山東京伝著　歌川国直画　六巻二冊　文化10年（1813）刊　和泉屋市兵衛　請求記号：函97-2 light pun on hemamushiyo and yowa,,,,
源氏ならで上下に祝ふ若菜かな,"genji narade
jōge ni iwau
wakana kana","it ain't Genji
but the halves & half nots
celebrating “Young Herbs”",野々口立圃,Nonoguchi Ryūho ,1595-1669,Spring,Young Herbs,Puppy Collection,俳句大観,"     Unlike in the Genji Monogatari,
The wakana is eaten felicitously 
     Without “first and last.” Blyth, History",,,,,
声なくて花や梢の高笑ひ,"koe nakute
hana ya kozue no
taka-warai","without a voice, 
the blossoms boughs ring 
with high laughter ",野々口立圃,Nonoguchi Ryūho ,1595-1669,Spring,Blossoms,Blind Casting of Stones,俳句大観,,,,,,
月影をくみこぼしけり手水鉢,"tsukikage wo
kumi-koboshi keri
chōubachi","     Scooping up the moon
In the wash-basin,
      And spilling it.",野々口立圃,Nonoguchi Ryūho ,1595-1669,Autumn,Moon,Blind Casting of Stones,俳句大観,,,,,,
花ひとつたもとにすがる童かな,"hana hitotsu
tamoto ni sugaru
warabe kana","one bough of blossoms
clinging to my sleeve sleeve 
a child",野々口立圃,Nonoguchi Ryūho ,1595-1669,Spring,Blossoms,句兄弟　其角,俳句大観,,,,,,
ほころぶや尻も結ばぬ糸桜,"hokorobu ya
shiri mo musubanu
ito-zakura","coming apart at the seems—
like a stitch with its end unfastened 
thread cherry ",野々口立圃,Nonoguchi Ryūho ,1595-1669,Spring,thread cherry,Puppy Collection,俳句大観,"     Brusting,
The ends cannot be tied,—
     Thread-like cherry trees in bloom.",尻も結ばぬ is a saying meaning something slovenly ,,,,
天も花にゑへるか雲のみだれあし,"ten mo hana ni
weeru ka kumo no
midareashi","even the sky
drunk on on blossoms? the clouds
stumble on wobbly legs ",野々口立圃,Nonoguchi Ryūho ,1595-1669,Spring,Blossoms,Puppy Collection,俳句大観,,天酔于花。桃李盛也 wakan roei shu; 「花時天似酔序」冒頭  菅原道真『和漢朗詠集』39,,,,
月花の三句めをいま知る世かな,"tsuki hana no
sanku-me wa ima
shiru yo kana","     The moon, and the cherry-blossoms,—
Now I know, in this world,
     What the third verse is!",野々口立圃,Nonoguchi Ryūho ,1595-1669,,,,Blyth History of Haiku,,,,,,
颯々のすずしさや此の松の声,"satsusatsu no
suzushisa ya kono
matsu no koe","murmuring  
coolness— this 
pining voice",野々口立圃,Nonoguchi Ryūho ,1595-1669,,,Puppy Collection,古典俳句、乾,,颯々のすずしさ puns cool with bell,,,,
篝火も蛍もひかる源氏かな,"kagaribi mo 
hotaru mo hikaru
genji kana","Cresset Fires and
Fireflies shining 
Genji",野々口立圃,Nonoguchi Ryūho ,1595-1669,,,Hairlock Mirror Genji,古典俳句、乾,,,,,,
散る音も色もさらさの紅葉哉,"chiru oto mo
iro mo sarasa mo
momiji kana","sound of scattering
and hue as well, chintz calico
autumn leaves ",野々口立圃,Nonoguchi Ryūho ,1595-1669,,,Puppy Collection,古典俳句、乾,,,,,,
やあしばらく花に対して鐘撞く事,,,松江 重頼,Matsue Shigeyori,1602–1680,,,,ＮKBZ 近世俳句俳文集,,,,,,
秋や今朝一足に知るのごひ縁,,,松江 重頼,Matsue Shigeyori,1602–1680,,,,ＮKBZ 近世俳句俳文集,,,,,,
さほひめやかくる柳の長かもじ,,"The goddess Sao—
hidden in the willow,
her long hair.",松江 重頼,Matsue Shigeyori,1602–1680,,,Puppy Collection,,,,,,,
鶯が引琴の緒や糸柳,,"The warbler
plays the harp strings
of a thread willow.",松江 重頼,Matsue Shigeyori,1602–1680,,,Puppy Collection,,,,,,,
観音のちからや見するこぶ柳	,,"Kannon’s
strength seen in
a swelling willow.",松江 重頼,Matsue Shigeyori,1602–1680,,,Haikai Notebook of Hokku,,,,,,,
春の日の威光をみする雪間哉,"haru no hi no
ikō wo misuru
yukima kana","the spring sun
shows its authority
in in gaps in snow",松江 重頼,Matsue Shigeyori,1602–1680,Spring,spring sun,Puppy Collection,ＮKBZ 近世俳句俳文集,,,,,,
料理して今日もくらしつ桜だひ,"ryōri shite
kyō mo kurashitsu
sakura-dai","cooking
today, again, passing the day
cherry sea bream ",松江 重頼,Matsue Shigeyori,1602–1680,,cherry sea bream,,ＮKBZ 近世俳句俳文集,,"Are the officials of the hundredfold palace at leisure, then? They stick cherry blossoms in their hair and spend the day, agian, in play. Shinkokin 1:104 Momoshiki no I Omiyahito wa I Itoma are ya I Sakura kazashite I Kyo mo kurashitsu ",,,,
落汐に鳴門やつれて暮の春,,,松江 重頼,Matsue Shigeyori,1602–1680,,,,ＮKBZ 近世俳句俳文集,,,,,,
しばし見む蟻の通路蝉のから,,,松江 重頼,Matsue Shigeyori,1602–1680,,,,ＮKBZ 近世俳句俳文集,,,,,,
,,,,,,,,,,,,,,,
順礼の棒ばかり行く夏野かな,,,松江 重頼,Matsue Shigeyori,1602–1680,,,,ＮKBZ 近世俳句俳文集,,,,,,
野に嬉し虫待宵の小行灯,,,松江 重頼,Matsue Shigeyori,1602–1680,,,,ＮKBZ 近世俳句俳文集,,,,,,
御座舟や霧間もれたる須磨明石,,,松江 重頼,Matsue Shigeyori,1602–1680,,,,ＮKBZ 近世俳句俳文集,,,,,,
ふる雪は京おしろいとみやこ哉,,,松江 重頼,Matsue Shigeyori,1602–1680,,,,ＮKBZ 近世俳句俳文集,,,,,,
ながむとて花にもいたし首の骨            ,"nagamu to te  
hana ni mo itashi     
kubi no hone      
    ","staring at
the blossoms it hurts
my neck bone          
",西山 宗因,Nishiyama Sōin ,1605-1682,,,,,,,,,,
さればここに談林の木あり梅の花,"sareba kokoni     
danrin no ki ari   
ume no hana 
",,西山 宗因,Nishiyama Sōin ,1605-1682,,,,,,,,,,
ながむとて花にもいたし頸の骨," 


",,西山 宗因,Nishiyama Sōin ,1605-1682,,,,,,,,,,
今こんといひしばかりの料理かな," 


",,西山 宗因,Nishiyama Sōin ,1605-1682,,,,,,,,,,
里人のわたり候かはしの霜," 


",,西山 宗因,Nishiyama Sōin ,1605-1682,,,,,,,,,,
若竹の心かけ樋や軒のつま,"waka-take no
kokoro-kake hi ya
noki no tsuma",,山本西武,Yamamoto Saimu ,1610 – 1682 ,,,,ＮKBZ 近世俳句俳文集,,,,,,
鶯の歌や書ぞめ鳥のあと,"uguisu no
uta ya kakizome
tori no ato","taking the warbler's song
for the first calgraphy of the year
like bird tracks",山本西武,Yamamoto Saimu ,1610 – 1682 ,New year,"書初 【かきぞめ】 kakizome, first calligraphy [of the New Year] (New Year).",Hawk of Tsukuba Collection,ＮKBZ 近世俳句俳文集,,,,,,
咲くえだの夭々たるや桃の酒,"saku eda no
yōyōtaru ya
momo no sake","the flowering boughs
pictured so youthfully—
pulm sake",山本西武,Yamamoto Saimu ,1610 – 1682 ,,,mizukuruma,ＮKBZ 近世俳句俳文集,,,,,,
さほ姫のかく恋草や土の筆,"sahohime no
kaku koe-gusa ya
tsuchi no fude","Princes Sao 
expresses her weedy love
with horsetail shoot",山本西武,Yamamoto Saimu ,1610 – 1682 ,Spring,"土筆 【つくし】 tsukushi, horsetail shoot(s) [the reproductive shoots of Equisetum arvense] (mid spring).",Hawk of Tsukuba Collection,ＮKBZ 近世俳句俳文集,,,,,,
若竹の心かけ樋や軒のつま,"waka-take no
kokoro-kake hi ya
noki no tsuma","the consideration to 
mount a young bamboo gutter—
on the eaves ",山本西武,Yamamoto Saimu ,1610 – 1682 ,,,Hawk of Tsukuba Collection,ＮKBZ 近世俳句俳文集,,pun: kokorokake=kakehi; tsu as egde and wife,,,,
そちは何をなげきの森のよるの蝉,,,"安原貞室
",Yasuhara Teishitsu,1610-1673,,,Jeweled Sea Collection,ＮKBZ 近世俳句俳文集,,,,,,
こもよみこ餅煮んとつむ若菜哉,,,"安原貞室
",Yasuhara Teishitsu,1610-1673,,,Jeweled Sea Collection,ＮKBZ 近世俳句俳文集,,,,,,
これはこれはとばかり花の吉野,"kore wa kore wa to 
bakari hona no
yoshino yama","this is it, this is it!
that's the only thing to say
Mt. Yoshino","安原貞室
",Yasuhara Teishitsu,1610-1673,,,,,,,,,,
歌いくさ文武二道の蛙かな,,,"安原貞室
",Yasuhara Teishitsu,1610-1673,,,,,,,,,,
夏迄もとつておきなの氷室哉,,,高瀬梅盛,Takase Baisei,1619 - 1702,,,Pebbles,ＮKBZ 近世俳句俳文集,,,,,,
口ばしを雲にかけぬる雲雀かな,,,高瀬梅盛,Takase Baisei,1619 - 1702,,,Jeweled Sea Collection,ＮKBZ 近世俳句俳文集,,,,,,
春立つや人の心をうご霞,,,高瀬梅盛,Takase Baisei,1619 - 1702,,,Book of Impersonations,ＮKBZ 近世俳句俳文集,,,,,,
月の貌やふけてもわかし十八夜,,,高瀬梅盛,Takase Baisei,1619 - 1702,,,,ＮKBZ 近世俳句俳文集,,,,,,
独寝も肌やあはする紙ぶすま,,,高瀬梅盛,Takase Baisei,1619 - 1702,,,,ＮKBZ 近世俳句俳文集,,,,,,
,,,,,,,,,,,,,,,
,,,,,,,,,,,,,,,
名乗りけり大をんじゃうしほととぎす,"• 
• 
• ",,北村 季吟,Kitamura Kigin,1625-1705,,,,,,,,,,
夏痩と答へてあとは涙かな,"• 
• 
• ",,北村 季吟,Kitamura Kigin,1625-1705,,,,,,,,,,
まざまざといますがごとし魂祭,"• 
• 
• ",,北村 季吟,Kitamura Kigin,1625-1705,,,,,,,,,,
腰をふる門やかぶきもの,"• 
• 
• ",,北村 季吟,Kitamura Kigin,1625-1705,,,,,,,,,,
身がろげに舞ふ羽づかひや趙飛燕,"• 
• 
• ",,北村 季吟,Kitamura Kigin,1625-1705,,,,,,,,,,
桃の酒いつみかはけふ三かのはら,"• 
• 
• ",,北村 季吟,Kitamura Kigin,1625-1705,,,,,,,,,,
匂ひみちぬ天も地もとの花ざかり,"• 
• 
• ",,北村 季吟,Kitamura Kigin,1625-1705,,,,,,,,,,
地主からは木の間の花の都哉,"• 
• 
• ",,北村 季吟,Kitamura Kigin,1625-1705,,,,,,,,,,
はら筋をよりてや笑ふ絲ざくら,"• 
• 
• ",,北村 季吟,Kitamura Kigin,1625-1705,,,,,,,,,,
めづらしや二四八のほととぎす,"• 
• 
• ",,北村 季吟,Kitamura Kigin,1625-1705,,,,,,,,,,
鴈は文字おほふや霧のゐんふたぎ,"• 
• 
• ","• 
• 
• ",北村 季吟,Kitamura Kigin,1625-1705,,,,,,,,,,
年の内へふみこむ春の日足哉,"• 
• 
• ","• 
• 
• ",北村 季吟,Kitamura Kigin,1625-1705,,,,,,,,,,
一僕とぼくぼくあるく花見かな,,,北村 季吟,Kitamura Kigin,1625-1705,,,,,,,,,,
夏痩と答へてあとは涙かな,,,北村 季吟,Kitamura Kigin,1625-1705,,,,,,,,,,
くず水や花の下ゆく吉野川,,,北村 季吟,Kitamura Kigin,1625-1705,,,,,,,,,,
秋風の姿なりけりむらすすき,,,北村 季吟,Kitamura Kigin,1625-1705,,,,,,,,,,
一僕とぼくぼくありく花見哉,,,北村 季吟,Kitamura Kigin,1625-1705,,,,,,,,,,
地主からは木の間の花の都かな,,,北村 季吟,Kitamura Kigin,1625-1705,,,,,,,,,,
腰をふる門の柳やかぶきもの,,,北村 季吟,Kitamura Kigin,1625-1705,,,,,,,,,,
まざまざといますが如し魂祭,,,北村 季吟,Kitamura Kigin,1625-1705,,,,,,,,,,
 時雨るるや黒木積む屋の窓あかり,"• 
• 
• ","• 
• 
• ",野沢凡兆,Nozawa Bonchō,1640 - 1714,,,,,,,,,,
,,,野沢凡兆,Nozawa Bonchō,1640 - 1714,,,『去来発句集』『貞享三年其角歳旦帖』（,日本古典文学全集 (256) 蝸牛俳句文庫31 (4),,,,,,
手をはなつ中に落ちけり朧月,,,野沢凡兆,Nozawa Bonchō,1640 - 1714,,,,,,,,,,
元日や家に譲りの太刀帯かん,ganjitsu ya ie ni yuzuri no tachi hakan,"first day-
the sword past down in my family
I will wear
",野沢凡兆,Nozawa Bonchō,1640 - 1714,,,,,,,,,,
うめ一輪一りんほどのあたゝかさ,ume ichirin chirin hodo no atatakasa ,"one branch of plum
one branch worth of
warmth
",野沢凡兆,Nozawa Bonchō,1640 - 1714,winter,cold plum,遠のく,,,,,,,
わびぬれば身は埓もなきもぞくかな,,,野沢凡兆,Nozawa Bonchō,1640 - 1714,,,,,,,,,,
ながながと川一筋や雪の原,"naganaga to
kawa hitosuji ya
yuki no hara","long and long
the single river flows
across the snowy plain",野沢凡兆,Nozawa Bonchō,1640 - 1714,Winter,snow,Sarumino,momoko,,,,,,
軽口にまかせてなけよほととぎす 　　　（任口）,"karuguchi ni 
makasete nakeyo 
hototogisu  
","just adlib
your song
cuckoo",井原西鶴,Ihara Saikaku,1642-1693,,,,,,,,,,
何と世に桜も咲かず下戸ならば,"nani to yo ni   
sakura sakazu  
geko naraba   
 ","if only in  this world
the cherry trees did not bloom
and one was a teetotaler
",井原西鶴,Ihara Saikaku,1642-1693,,,,,,,,,,
大晦日定めなき世のさだめ哉,"ōmisoka
sadame naki yo no 
sadame kana","New Years Eve
in our unsettled world
is the only constant ",井原西鶴,Ihara Saikaku,1642-1693,winter,New Years Eve,Sanganotsu 三ヶ津,momoko,,"debts are payed on new years
commoner viewpoint ",,,,
春立つや新年ふるき小目五升,"haru tasu 
shinnen furuki 
go-shō","spring begins―
for the new year, five pints
of old rice
",,Matsuo Bashō,,Spring,Beginning of spring,,英訳saijiki,,,,,,
春雨や蜂の巣つたふ屋根の漏,"harusame ya
hachi no su tsutau
yane no mori","spring rain―
along a bee nest
the roof leak",松尾芭蕉,Matsuo Bashō,1644 – 1694 ,Spring,spring rain,,英訳saijiki,,,,,,
六月や峯に雲置あらし山,"roku-gatsu ya
mine ni kumo oku
arashi yama","the sixth month-
a cloud set on its peak
Mt. Storm",松尾芭蕉,Matsuo Bashō,1644 – 1694 ,,,,,,,,,,
,"araumi ya
sado ni yokotau
Amanogawa","The rough sea—
Extending toward Sado Isle,
The Milky Way.",松尾芭蕉,Matsuo Bashō,1644 – 1694 ,Summer,"Summer
夏 natsu
",,英訳saijiki,"the sixth month --
with clouds laid on its summit
Mount-Arashi 
Tr. Ueda Makoto ",,,,,
甲比丹もくばはせけり君が春,"kapitan mo
tsukuba hase keri
kimi ga haru","  the Capatin also,
    came to bow to;
  our Lord's spring",松尾芭蕉,Matsuo Bashō,1644 – 1694 ,,,,,,,,,,
よく見ればなづな花咲く垣根哉,"yoku mireba
nazuna hanasaku
kakine kana",,松尾芭蕉,Matsuo Bashō,1644 – 1694 ,,,,,"	Looking carefully,—
There is a shepherd's-purse
	Blooming under the hedge.
Blyth, Haiku vol. 4, 981",,,,,
春まくや人さまざまも伊勢まいり,"haru-meku ya
hito samazama no
ise-mairi        ","vernal signs―
people on various 
Ise pilgramages  ",山本荷兮,Yamamoto Kakei,1648－1716,spring,"Vernal signs
春めくharu-meku
",,英訳saijiki,,,,,,
春の日に念仏ゆるき野寺かな,"haru no hi ni
nembutsu yuruki
no-dera kana        ","on a spring day
the nembutsu chant grows languid
in a country temple  ",江左尚白,Esa Shōhaku,1650–1722,spring,"Spring day
 春の日 haru no hi
",,"Spring day
春の日 haru no hi",,,,,,
石塔もはや苔つくや春の雨,"sekitō
mohaya koke tsuku ya
haru no ame        ","on the stone stupa
already moss grows―
spring rain",向井去来, Mukai Kyorai ,1651-1704,Spring,Spring rain,,英訳saijiki,,,,,,
,,"• 
• 
• ",向井去来,Mukai Kyorai ,1651-1704,,,,,,,,,,
,,,向井去来,Mukai Kyorai ,1651-1704,,,,,,,,,,
元日や家に譲りの太刀帯かん,ganjitsu ya ie ni yuzuri no tachi hakan,"first day-
the sword past down in my family
I will wear
",向井去来,Mukai Kyorai ,1651-1704,,,,,,,,,,
花守や白き頭をつきあわせて,"Hana mori ya   blossom guards-
 Shiroki kashira wo  poking white heads together
 Tsukiawasete   for a chat
",,向井去来,Mukai Kyorai ,1651-1704,,,,,,,,,,
さほひめやかくる柳の長かもじ　,,,向井去来,Mukai Kyorai ,1651-1704,,,,,,,,,,
鶯が引琴の緒や糸柳　,,,向井去来,Mukai Kyorai ,1651-1704,,,,,,,,,,
春雨にあらいてけづれ柳がみ　,,,向井去来,Mukai Kyorai ,1651-1704,,,,,,,,,,
もえながら有るや火鼠のかは柳,,,向井去来,Mukai Kyorai ,1651-1704,,,,,,,,,,
気力なしと誰かは見ましこぶ柳　,,,向井去来,Mukai Kyorai ,1651-1704,,,,,,,,,,
観音のちからや見するこぶ柳,,,向井去来,Mukai Kyorai ,1651-1704,,,,,,,,,,
元日や家に譲りの太刀帯（は）かん,,,向井去来,Mukai Kyorai ,1651-1704,,,,,,,,,,
鉢たたき来ぬ夜となれば朧なり,,,向井去来,Mukai Kyorai ,1651-1704,,,,,,,,,,
うごくとも見えで畑打つ男かな,,,向井去来,Mukai Kyorai ,1651-1704,,,,,,,,,,
花守や白き頭をつき合せ,,,向井去来,Mukai Kyorai ,1651-1704,,,,,,,,,,
何事ぞ花見る人の長刀,,,向井去来,Mukai Kyorai ,1651-1704,,,,,,,,,,
一昨日（おととひ）はあの山こえつ花ざかり,,,向井去来,Mukai Kyorai ,1651-1704,,,,,,,,,,
郭公（ほととぎす）なくや雲雀と十文字,,,向井去来,Mukai Kyorai ,1651-1704,,,,,,,,,,
うの花の絶間たゝかん闇の門,,,向井去来,Mukai Kyorai ,1651-1704,,,,,,,,,,
湖の水まさりけり五月雨,,,向井去来,Mukai Kyorai ,1651-1704,,,,,,,,,,
手のうへにかなしく消ゆる螢かな,,,向井去来,Mukai Kyorai ,1651-1704,,,,,,,,,,
螢火や吹きとばされて鳰のやみ,,,向井去来,Mukai Kyorai ,1651-1704,,,,,,,,,,
石も木も眼にひかる暑さかな,,,向井去来,Mukai Kyorai ,1651-1704,,,,,,,,,,
魂棚の奥なつかしや親の顔,,,向井去来,Mukai Kyorai ,1651-1704,,,,,,,,,,
いなづまやどの傾城とかり枕,,,向井去来,Mukai Kyorai ,1651-1704,,,,,,,,,,
稲妻のかきまぜて行くやみよかな,,,向井去来,Mukai Kyorai ,1651-1704,,,,,,,,,,
岩端や爰（ここ）にもひとり月の客,,,向井去来,Mukai Kyorai ,1651-1704,,,,,,,,,,
あき風やしら木の弓に弦はらん,,,向井去来,Mukai Kyorai ,1651-1704,,,,,,,,,,
雁がねの竿になる時尚さびし,,,向井去来,Mukai Kyorai ,1651-1704,,,,,,,,,,
故郷も今はかり寝や渡鳥,,,向井去来,Mukai Kyorai ,1651-1704,,,,,,,,,,
鳶の羽もかいつくろひぬ初しぐれ,,,向井去来,Mukai Kyorai ,1651-1704,,,,,,,,,,
いそがしや沖の時雨の眞帆片帆,,,向井去来,Mukai Kyorai ,1651-1704,,,,,,,,,,
こがらしの地にも落さぬしぐれかな,,,向井去来,Mukai Kyorai ,1651-1704,,,,,,,,,,
鴨啼くや弓矢を捨てて十余年,,,向井去来,Mukai Kyorai ,1651-1704,,,,,,,,,,
荒磯やはしり馴れたる友千鳥,,,向井去来,Mukai Kyorai ,1651-1704,,,,,,,,,,
応々といへどたゝくや雪の門,,,向井去来,Mukai Kyorai ,1651-1704,,,,,,,,,,
尾頭の心もとなき海鼠かな,,,向井去来,Mukai Kyorai ,1651-1704,,,,,,,,,,
浪うつてよせ来る勢子や花薄,"• 
• 
• ","beating waves
the hunter boy press near
flowering pampas",服部嵐雪,Hattori Ransetsu ,1654-1707,,,,,,,,,,
,"• 
• 
• ","hearth coal
placed; spirit good
New Year’s bells",服部嵐雪,Hattori Ransetsu ,1654-1707,,,,,,,,,,
,"• 
• 
• ","trolling to 
dark Ox Inland
moon viewing boat",服部嵐雪,Hattori Ransetsu ,1654-1707,,,,,,,,,,
"• 
• 
• ","• 
• 
• ","light snow
falling also is tea ceremony
flower
",服部嵐雪,Hattori Ransetsu ,1654-1707,,,,,,,,,,
"• 
• 
• ","• 
• 
• ","basket fire
threading through the reed gaps
cormorant boat:
",服部嵐雪,Hattori Ransetsu ,1654-1707,,,,,,,,,,
"• 
• 
• ","• 
• 
• ","bright moon-
ant climbing along
a fence next door
",服部嵐雪,Hattori Ransetsu ,1654-1707,,,,,,,,,,
"• 
• 
• ","• 
• 
• ","quietness-
not stirring the blossoms
the bell voice
",服部嵐雪,Hattori Ransetsu ,1654-1707,,,,,,,,,,
,"• 
• 
• ","the sedge hat’s
shadow even warps
in the heat:
",服部嵐雪,Hattori Ransetsu ,1654-1707,,,,,,,,,,
,,"dripping-
even 
small
",服部嵐雪,Hattori Ransetsu ,1654-1707,,,,,,,,,,
,,"withering wind-
seeing through to the 
Jyomeiji Temple
",服部嵐雪,Hattori Ransetsu ,1654-1707,,,,,,,,,,
名月や煙這いゆく水のうへ,,,服部嵐雪,Hattori Ransetsu ,1654-1707,,,,,,,,,,
黄菊白菊其外の名はなくもがな,,,服部嵐雪,Hattori Ransetsu ,1654-1707,,,,,,,,,,
凩の吹きゆくうしろすがたかな,,,服部嵐雪,Hattori Ransetsu ,1654-1707,,,,,,,,,,
ふとん着て寐たる姿や東山,,,服部嵐雪,Hattori Ransetsu ,1654-1707,,,,,,,,,,
名月や煙這いゆく水のうへ,,,服部嵐雪,Hattori Ransetsu ,1654-1707,,,,,,,,,,
元日やはれて雀のものがたり,,,服部嵐雪,Hattori Ransetsu ,1654-1707,,,,,,,,,,
出替りや幼な心に物あはれ,,,服部嵐雪,Hattori Ransetsu ,1654-1707,,,,,,,,,,
うまず女の雛かしづくぞ哀れなる,,,服部嵐雪,Hattori Ransetsu ,1654-1707,,,,,,,,,,
竹の子や兒（ちご）の歯ぐきのうつくしき,,,服部嵐雪,Hattori Ransetsu ,1654-1707,,,,,,,,,,
角力とり並ぶや秋のから錦,,,服部嵐雪,Hattori Ransetsu ,1654-1707,,,,,,,,,,
真夜中やふりかはりたる天の川,,,服部嵐雪,Hattori Ransetsu ,1654-1707,,,,,,,,,,
名月や烟這ひゆく水のうへ,,,服部嵐雪,Hattori Ransetsu ,1654-1707,,,,,,,,,,
黄菊白菊その外はなくもがな,,,服部嵐雪,Hattori Ransetsu ,1654-1707,,,,,,,,,,
はぜ釣るや水村山廓酒旗の風,,,服部嵐雪,Hattori Ransetsu ,1654-1707,,,,,,,,,,
凩の吹きゆくうしろすがたかな,,,服部嵐雪,Hattori Ransetsu ,1654-1707,,,,,,,,,,
ふとん着て寐たる姿や東山,,,服部嵐雪,Hattori Ransetsu ,1654-1707,,,,,,,,,,
うめ一輪一りんほどのあたたかさ,,,服部嵐雪,Hattori Ransetsu ,1654-1707,,,,,,,,,,
布団着て寝たる姿や東山,"futon kite   shape of a man 
netaru sugata  ya  sleeping covered with a blanket—
higashiyama   Mt. East
","• 
• 
• ",服部嵐雪　,Hattori Ransetsu,1654-1707,,,,,,,,,,
うめ一輪一輪ほどのあたたかさ,"ume ichirin   a blanch of plum
 ichirin hodo no  one branch worth of
 atatakasa   warmth
","• 
• 
• ",服部嵐雪　,Hattori Ransetsu,1654-1707,,,,,,,,,,
十団子も小粒になり秋の風,"tōdango mo   the Tōdango dumplings too
kotsubu ni nari  have goten smaller
aki no kaze   autumn wind
","• 
• 
• ","森川許六
",Morikawa Kyoriku ,1656~1715 ,,,,,,,,,,
それも応これも応なり老の春,sore mo ō/ kore mo ō nari/ oi no haru,"  “yes” to this,
   “ Fine” to that question,
  old man's spring",岩田涼菟,Iwata Ryōto,1659  –  1717,,,,,,,,,,
鐘ひとつ賣れぬ日はなし江戸の春 ,"kane hitotsu 
urenu hi wa nashi 
Edo no haru ","Springtime in Edo,
Not a day passes without
A temple bell sold.",宝井其角,1661～1707,1661-1707,,,Gogenshū,"ＮKBZ 近世俳句俳文集, p. 124","Springtime in Edo,
Not a day passes without
A temple bell sold.",,,,,
鴬の身をさかさまに初音かな,,,宝井其角,1661～1707,1661-1707,,,,,,,,,,
鷹の目の枯野にすわる嵐かな,"taka no me no   
kareno ni suwaru
arashi kana","the falcon’s eyes
perched in the withered field 
a storm",宝井其角,Takarai Kikaku,1661-1707,,,,,,,,,,
草の戸に我は蓼食う蛍かな,"kusa no to ni   I’m a firefly
ware wa tada kuu  who chumps on nettles 
hotaru kana   in a grass hut
",,宝井其角,Takarai Kikaku,1661-1707,,,,,,,,,,
声かれて猿の歯白し峰の月," koe karete   with wizen voice
 saru no ha shiroshi  the monkey’s white teeth
 mine no tsuki   moon of the peak
",,宝井其角,1661～1707,1661-1707,,,,,,,,,,
手を延べて折り行く春の草木かな,te wo nobete/ ori-yuku haru no/ kusaki kana,"  reach out,
    go along picking the grasses
  and boughs of spring",斯波 園女 ,Shiba Sonome ,1664–1726 ,,,,,,,,,,
春雨や枕崩るるうたひ本,"harusame ya   spring rains—
 makura kuzururu  the pillow of song books
 utaihon    collapses 
",,各務支考,Kagami Shikō ,1665 - 1731,,,,,,,,,,
船頭の耳の遠さよ桃の花,,,各務支考,Kagami Shikō,1665 - 1731,,,,,,,,,,
馬の耳すぼめて寒し梨の花,,,各務支考,Kagami Shikō,1665 - 1731,,,,,,,,,,
食堂（じきだう）に雀啼くなり夕時雨,,,各務支考,Kagami Shikō,1665 - 1731,,,,,,,,,,
呵（しか）られて次の間へ出る寒さかな,,,各務支考,Kagami Shikō,1665 - 1731,,,,,,,,,,
歌書よりも軍書にかなし吉野山,,,各務支考,Kagami Shikō,1665 - 1731,,,,,,,,,,
夏立つや衣桁にかはる風の色,"natsu tatsu ya
iko ni kawaru
kaze no iro","summer begins-
on the clothes rack, changing
the wind's color",横井也有,Yokoi Yayū,1702 - 1783,Summer,"Start of summer 立夏 rikka
",My English Sai,,,,,,,
東風吹くと語りもぞ行く主と従者,"kochi fuku to
katari mo zo yuku
nushi to jūsha","“the east wind blows,”
lord and retainer
say on their way",炭太祇,Tan Taigi,1709 – 1771,Spring,"East wind
東風 kochi
",My English Sai,,,,,,,
のうれんに東風吹くいせの出店かな,"nōren ni
kochi fuku ise no
dedana kana","through the curtains
the east wind blows, Ise
shop-stalls",与謝 蕪村 ,Yosa Buson ,1715 – 1784,,,,,,,,,,
春雨や小磯の小貝ぬるるほど,"harusame ya
koiso no kogai
nururu hodo","spring rain―
until little shells on the beach
are moist",与謝 蕪村 ,Yosa Buson ,1715 – 1784,,,My English Sai,,,,,,,
折り釘に烏帽子かけたり春の宿,"ori kugi ni e
boshi kake tari
haru no yado","on a bent nail 
a court-cap hangs;
a lodging in spring",与謝 蕪村 ,Yosa Buson ,1716 – 1784 ,,,My English Sai,,,,,,,
指南車を胡地に引去る霞かな ,"shinansha o 
kochi ni hikisaru 
kasumi kana ",,与謝 蕪村 ,Yosa Buson ,1716 – 1784 ,,"霞 【かすみ】 kasumi, (spring) mist ",,etext.lib.virginia.edu,"a guided coach
withdrawn into an old place--
this mistiness (UVA)",,,,,
春の日や門ゆく梵論の影法師,"haru no hi ya
 kado yuku bonro no
kage-boshi                ","a spring dayー
the shadow of a lay priest
pases by the gate ",大島 蓼太,Oshima Ryōta,1718 – 1787,spring,"Spring day
春の日 haru no hi
",,英訳saijiki,,,,,,
痩馬のあはれ機嫌や秋高し,"• 
• 
• ",,川上不白,Kawakami Fuhaku,1719-1807,,,,,,,,,,
花散るや耳ふつて馬のおとなしき,"• 
• 
• ",,川上不白,Kawakami Fuhaku,1719-1807,,,,,,,,,,
 蛤に雀の斑あり哀れかな,"• 
• 
• ",,川上不白,Kawakami Fuhaku,1719-1807,,,,,,,,,,
己が影を慕うて這へる,"• 
• 
• ",,川上不白,Kawakami Fuhaku,1719-1807,,,,,,,,,,
野を焼くやぽつん╲/雨到る,"• 
• 
• ",,川上不白,Kawakami Fuhaku,1719-1807,,,,,,,,,,
冬蜂の死にどころなく歩きけり,"• 
• 
• ",,川上不白,Kawakami Fuhaku,1719-1807,,,,,,,,,,
ゆさ╲/と大枝ゆるゝ桜かな,"• 
• 
• ",,川上不白,Kawakami Fuhaku,1719-1807,,,,,,,,,,
鷹のつらきびしく老いて哀れなり,"• 
• 
• ","• 
• 
• ",川上不白,Kawakami Fuhaku,1719-1807,,,,,,,,,,
今朝秋や見入る鏡に親の顔,"• 
• 
• ","• 
• 
• ",川上不白,Kawakami Fuhaku,1719-1807,,,,,,,,,,
獅子舞や花の下影濃きところ,"• 
• 
• ","• 
• 
• ",川上不白,Kawakami Fuhaku,1719-1807,,,,,,,,,,
夏草に這上りたる捨蚕かな,"• 
• 
• ","• 
• 
• ",川上不白,Kawakami Fuhaku,1719-1807,,,,,,,,,,
あら野行く我が影もなき暑さ哉,"• 
• 
• ","crossing a withered moor
I have no shadow
in the heat:
",川上不白,Kawakami Fuhaku,1719-1807,,,,,,,,,,
永き日や絵馬をみてゐる旅の人,nagaki│hi│ya│ema│wo│miteiru│tabi│no│hito,"on a long day-
viewing the horse-pictures
the traveling man
",川上不白,Kawakami Fuhaku,1719-1807,,,,,,,,,,
夏の夕吹き倒さるる風もがな,"natsu no yu
fuki taosaruru
kaze mo ga na","summer dusk
O, for a breeze
to blow me over",高桑蘭更,Takakuwa Rankō,1726 – 1798,Summer,"Summer
夏 natsu
",,英訳Saijiki,,,,,,
行きとどく春の日影や虫の穴,"yuki-todoku
haru no hikage ya
mushi no ana","snow melting,
spring sun shadow―
holes of insects",高桑蘭更,Takakuwa Rankō,1726 – 1798,Spring,"Insects awake
啓蟄 keichitsu
",,英訳Saijiki,"the light of a 
        spring day reaches even to
        the holes of insects
",also listed in eiyaku saijiki under spring day  ,,,,
春立つや静かに鶴の一歩より,"haru tatsu ya
shizukani tsuru no
ippo yori","spring begins―
quietly with a single step
of a crane
",黒柳召波 ,Kuroyanagi Shōha,1727-1771 ,Spring,Beginning of spring,,英訳Saijiki,,,,,,
来て見れば霞の松に日暮れたり,"kite mireba 
kasumi no matsu ni 
hi kuretari ",,加藤暁台,Kato Gyōdai,1732～1792,,"霞 【かすみ】 kasumi, (spring) mist ",,etext.lib.virginia.edu,"when I come to look:
the misty pine the sun
is setting in (UVA)",,,,,
夏はただ昼寝むしろに夜の月,"natsu wa tada
hiru ne mushiro ni
yoru no tsuki","summer is just
a mat to nap on &
moon at night",夏目成美,Natsume Seibi,1749 – 1816,Summer,"Summer
夏 natsu
",,英訳Saijiki,,,,,,
夏めきて人顔見ゆるゆふべかな,"atsu mekite
hito-gao miyuru
yube kana","the summer-like 
faces of the people
in the evening.",夏目成美,Natsume Seibi,1749 – 1816,Summer,"夏めくnatsu meku 
Summery or summer-like
",,,,,,,,
,,,,,,,,,,,,,,,
閑さを我が相手なり冬ごもり,"shizukasa wo
waga aite nari
Fuyugomori",,定雅,Teiga,1755—1825,,,,,"Making quietude
My only companion:
Winter seclusion.
Blyth, Haiku vol. 4 intro ",Included in a haiga,,,,
,,,成田蒼穹,,,,,,,,,,,,
,,,成田蒼穹,,,,,,,,,,,,
菜の花にくるりくるりと入る日哉,,,成田蒼穹,,,,,,,,,,,,
時鳥啼くや夜汐のひたひたと,,,成田蒼穹,,,,,,,,,,,,
すずしさや根笹に牛もとながれて,,,成田蒼穹,,,,,,,,,,,,
江のひかり柱に来たりけさのあき,,,成田蒼穹,,,,,,,,,,,,
我たつるけむりは人の秋の暮,,,成田蒼穹,,,,,,,,,,,,
鈴鴨の虚空に消ゆる日和哉,,,成田蒼穹,,,,,,,,,,,,
春の雨鳥の足に泡のつく,"haru no ame
karasu no ashi ni
awa no tsuku        ","spring rain…
on the crow’s feet,
some bubbles",藤森素檗,Fujimori Sobaku,1758-1821 ,,,,,,,,,,
初夏や木屋が掃除の行きわたる,"hatsu natsu ya
kiya ga soji no
yuki watari        ","early summer-
the wood shed is cleaned
thorough",鈴木道彦,Suzuki Michihiko ,1757 – 1819,summer,初夏 shoka Early summer,,英訳saijiki,,,,,,
長閑さにおさへ歩行や膝の皿,"nodokasa ni
osae ariku ya
hiza no sara","in the tranquil
bracing to walking  
kneecaps ",田川鳳朗,Tagawa Hōrō,1762 – 1845,Spring,"長閑 【のどか】 nodoka, calm/tranquil/serene [of weather] (all spring).",鳳朗発句集,ＮKBZ 近世俳句俳文集,,,,,,
暮遅き加茂の川添下りけり,,,田川鳳朗,Tagawa Hōrō,1762 – 1845,Spring,暮遅き,鳳朗発句集,ＮKBZ 近世俳句俳文集,,,,,,
うぐひすに踏まれてうくや竹江杓,,,田川鳳朗,Tagawa Hōrō,1762 – 1845,Spring,"鶯 【うぐいす】 uguisu, bush warbler [Cettia diphone; sometimes translated as ""nightingale"" (Luscinia megarhynchos), since it is a small songbird and occupies a position in Japanese literature similar to that of the nightingale in European literature] (all spring).",鳳朗発句集,ＮKBZ 近世俳句俳文集,,,,,,
深山木の底に水澄む五月かな,,,田川鳳朗,Tagawa Hōrō,1762 – 1845,summer,"皐月 【さつき】 satsuki, Fifth (lunar) Month [approximately June, Gregorian; note: in haikai, in compounds this prounciation is often given to 五月, referring to events that normally take place in June, as in 五月雨【さつきあめ】 satsukiame (= samidare), midsummer rain, while in others 五月【ごがつ】 gogatsu retains its modern pronunciation and meaning, May, Gregorian; see note on months] (mid summer).",鳳朗発句集,ＮKBZ 近世俳句俳文集,,,,,,
日の前の雲すわりけり花樗,,,田川鳳朗,Tagawa Hōrō,1762 – 1845,summer,花樗,鳳朗発句集,ＮKBZ 近世俳句俳文集,,,,,,
きらきらと音に日のさす鳴子哉,,,田川鳳朗,Tagawa Hōrō,1762 – 1845,Autumn,鳴子,鳳朗発句集,ＮKBZ 近世俳句俳文集,,,,,,
物しばし匂うて止みぬ枯野原,,,田川鳳朗,Tagawa Hōrō,1762 – 1845,winter,"枯野 【かれの】 kareno, withered field (all winter).",鳳朗発句集,ＮKBZ 近世俳句俳文集,,,,,,
下駄の歯を蹴欠いて戻る師走かな,,,田川鳳朗,Tagawa Hōrō,1762 – 1845,winter,師走,鳳朗発句集,ＮKBZ 近世俳句俳文集,,,,,,
元日や人の妻子の美しき,"ganjitsu ya
hito no tsumako no
utsukushiki","New Year’s Day—
the neighborhood wives 
looks so lovely ",桜井梅室,Sakurai Baishitsu,1769-1852 ,New year,"元日 【がんじつ】 ganjitsu, （ぐわんじつ）, New Year's Day (New Year).",Baishitsu Personal Collection,ＮKBZ 近世俳句俳文集,,,,,,
寝勝手のよさに又見る柳かな,"nekatte no
yoki ni mata miru 
yanagi kana","turning to get comfortable 
for my nap, again I see 
the willow:",桜井梅室,Sakurai Baishitsu,1769-1852 ,Spring,"柳 【やなぎ】 yanagi, willow(s) / weeping willow(s) (late spring).",Baishitsu Personal Collection,ＮKBZ 近世俳句俳文集,,,,,,
けしの散る光ひまなし枕元,"keshi no chiru
hikaru hima nashi
makura moto",,桜井梅室,Sakurai Baishitsu,1769-1852 ,Summer,"芥子の花 【けしのはな】 keshi no hana, poppy/poppies",Baishitsu Personal Collection,ＮKBZ 近世俳句俳文集,,,,,,
桐の木や雨のながるる蝉の腹,"kiri no ki ya
ame no ngaruru
semi no hara","paulownia tree—
the flowing rainwater 
on the cicada's belly ",桜井梅室,Sakurai Baishitsu,1769-1852 ,summer,"蝉 【せみ】 semi, cicada / locust (late summer).",Baishitsu Personal Collection,ＮKBZ 近世俳句俳文集,,,,,,
名月や草木に劣る人のかげ,,,桜井梅室,Sakurai Baishitsu,1769-1852 ,Autumn,"名月 【めいげつ】 meigetsu, harvest moon [literally ""famous moon""; all these kigo refer to the full moon of the eighth lunar month, usually in September] (mid autumn).",Baishitsu Personal Collection,ＮKBZ 近世俳句俳文集,,,,,,
門ありて国分寺はなし草の花,,,桜井梅室,Sakurai Baishitsu,1769-1852 ,Autumn,"草の花 【くさのはな】 kusa no hana, (autumn) wildflowers [note: ""grass flowers"" is not a good translation, as 草 includes forbs and herbs] (all autumn).",Baishitsu Personal Collection,ＮKBZ 近世俳句俳文集,,,,,,
糊の干ぬ行灯ともす寒さかな,,,桜井梅室,Sakurai Baishitsu,1769-1852 ,winter,"寒さ 【さむさ】 samusa, coldness [of weather, air, and the like]",Baishitsu Personal Collection,ＮKBZ 近世俳句俳文集,,,,,,
ふゆの夜や針うしなうておそろしき,"fuyu no yo ya
hari ushinaute
Osoroshiki","on a winter's night
how frightful it is
to drop a sewing needle",桜井梅室,Sakurai Baishitsu,1769-1852 ,winter,ふゆの夜,Baishitsu Personal Collection,ＮKBZ 近世俳句俳文集,,,,,,
大蛇や恐れながらと穴を出る,"ōhebi ya
osore nagara to
ana wo deru","a large snake―
says, “pardon me” and
exists his hole",小林一茶,Kobayashi Issa,1763 – 1827,Spring,"Insects awake
啓蟄 keichitsu
",,英訳saijiki,,,,,,
春の日や水さへあれば暮れ残り,"haru no hi ya
mizu sae areba
kure-nokori        ","a spring dayー
where there’s water
dusk lingers on
",小林一茶,Kobayashi Issa,1763 – 1827,Spring,"Spring day
春の日 haru no hi
",,英訳saijiki,,,,,,
小酒屋の出現したり春の山,"ko-zakeya no
shutsugen shitari
haru no yama","a small sake stall
has appeared on
the spring mountain ",小林一茶,Kobayashi Issa,1763 – 1827,,,,,,,,,,
子らや子ら子等が手をとる躑躅かな ,,,良　寛 ,,,,,,『増殖する俳句歳時記』,,,,,,
夏浅し水を離るる蓮巻葉,"natsu asashi
mizu wo hanaruru
hasu maki-ba","shallow summer
leaving the water
furled lotus leaves",天高,Tenko,,,,,,,,,,,
,"mimi tojite
hana wo kokoro ni
hirune kana","I will shut my ears
And, thinking only of blossoms,
Enjoy my nap.",,Torigoe Tōsai,1803 – 1890,,,,Keene Dawn,,,,,,
,,,,,,,,,,,,,,,
,,,,,,,,,,,,,,,
啓蟄や光り流るる厨水,"keichitsu no
ari ga hayahiku
jimushi kana                ","insects awake
ants already dragging
a grub",吐天,Toten,,Spring,"Insects awake
啓蟄 keichitsu
",,,,,,,,